,Team,1997,1998,1999,2000,2001,2002,2003,2004,2005,2006,2007,2008,2009,2010,2011,2012,2013,2014,2015,2016,2017,2018,2019,2020,2021,2022
0,Kentucky,40.4%,40.8%,43.1%,43.0%,45.1%,45.3%,44.4%,45.0%,48.0%,45.8%,43.1%,40.8%,41.1%,42.4%,39.8%,42.0%,44.8%,39.1%,42.7%,48.3%,48.0%,43.6%,44.8%,46.6%,47.3%,48.6%
1,Florida A&M,40.8%,45.6%,46.9%,50.5%,45.8%,47.5%,52.5%,51.2%,51.1%,48.8%,52.4%,50.7%,50.8%,45.2%,49.3%,49.3%,47.2%,54.0%,50.4%,52.5%,54.4%,50.4%,54.6%,50.8%,46.4%,51.8%
2,Pacific,40.9%,45.5%,48.7%,45.7%,46.0%,44.7%,44.3%,45.8%,45.4%,52.1%,48.5%,47.3%,43.7%,47.9%,49.1%,48.0%,49.7%,50.7%,47.2%,51.8%,51.7%,54.1%,46.3%,50.7%,52.1%,55.1%
3,Kansas St,41.4%,40.0%,47.2%,43.1%,46.9%,42.9%,44.9%,48.2%,43.7%,47.5%,44.9%,45.1%,45.2%,45.1%,44.7%,46.5%,45.9%,49.5%,50.4%,45.5%,48.9%,49.0%,49.6%,52.0%,52.4%,49.2%
4,S Mississippi,41.5%,44.0%,44.9%,44.3%,45.0%,49.4%,50.3%,52.5%,49.9%,44.7%,49.2%,49.2%,47.4%,45.8%,49.1%,47.8%,49.2%,53.1%,50.2%,49.4%,55.1%,47.1%,52.3%,50.1%,52.6%,47.6%
5,Colorado St,41.6%,46.8%,47.5%,47.6%,47.2%,48.7%,46.5%,45.3%,44.6%,46.2%,50.3%,55.0%,48.2%,48.4%,48.5%,47.1%,48.4%,45.7%,51.4%,46.6%,53.7%,53.5%,51.5%,50.9%,51.0%,51.0%
6,Temple,41.8%,39.7%,39.5%,44.5%,44.6%,47.6%,47.4%,46.9%,48.9%,48.8%,46.5%,43.4%,43.1%,43.5%,47.2%,47.3%,52.1%,43.3%,46.3%,47.7%,50.5%,51.5%,46.3%,44.8%,46.3%,47.9%
7,N Carolina,42.1%,43.0%,45.4%,42.6%,49.7%,47.9%,49.7%,43.7%,44.9%,45.3%,47.5%,44.6%,44.8%,44.4%,43.5%,46.3%,46.7%,45.5%,44.7%,46.3%,45.3%,47.9%,48.2%,47.0%,47.5%,48.4%
8,U Mass,42.3%,42.1%,43.8%,45.3%,45.0%,46.5%,46.8%,44.7%,44.4%,42.5%,46.1%,48.8%,47.1%,45.1%,46.2%,46.8%,46.8%,47.1%,49.0%,44.5%,51.2%,50.5%,51.7%,51.0%,54.7%,50.5%
9,Connecticut,42.4%,42.3%,42.5%,46.4%,40.6%,40.8%,38.7%,41.4%,41.7%,39.7%,40.5%,40.9%,42.8%,43.0%,40.9%,44.4%,42.1%,42.8%,42.1%,43.0%,48.5%,49.2%,45.0%,45.8%,42.6%,44.4%
10,Wyoming,42.5%,45.1%,47.3%,44.0%,43.1%,47.3%,47.1%,45.7%,44.6%,50.0%,47.0%,50.0%,51.6%,50.5%,46.8%,48.2%,45.6%,44.0%,48.4%,45.7%,48.6%,51.6%,50.4%,54.4%,48.3%,52.6%
11,Miami (FL),42.5%,42.0%,44.2%,47.4%,45.0%,47.2%,49.5%,46.6%,44.2%,51.8%,43.7%,44.8%,45.2%,45.0%,47.2%,44.0%,43.5%,47.1%,46.9%,46.6%,48.8%,51.7%,49.8%,49.7%,53.0%,51.8%
12,Utah,42.6%,41.9%,45.9%,43.8%,49.1%,45.5%,45.1%,46.6%,48.7%,52.1%,44.9%,42.5%,44.5%,45.7%,51.3%,44.8%,46.7%,41.4%,44.5%,46.9%,47.0%,51.7%,48.9%,49.6%,49.4%,44.9%
13,Auburn,42.6%,42.9%,46.0%,47.3%,42.8%,46.8%,47.0%,53.0%,49.7%,49.3%,55.4%,46.5%,51.1%,49.5%,44.2%,48.3%,45.4%,53.7%,49.6%,48.7%,47.8%,51.3%,46.2%,49.9%,42.8%,47.0%
14,Geo Wshgtn,42.7%,49.2%,51.4%,45.0%,48.7%,49.5%,49.1%,47.4%,47.3%,46.6%,48.6%,45.2%,45.6%,46.8%,48.0%,44.6%,47.4%,44.9%,48.2%,48.9%,50.3%,49.8%,50.4%,50.8%,51.4%,51.7%
15,Tennessee,42.8%,41.3%,44.6%,44.9%,45.8%,46.4%,47.8%,50.5%,52.3%,51.7%,50.3%,50.7%,45.7%,46.8%,44.2%,45.6%,44.5%,49.2%,47.1%,46.2%,46.1%,44.7%,44.0%,44.9%,46.0%,45.1%
16,Marquette,42.8%,44.0%,46.5%,47.7%,44.8%,45.4%,49.3%,44.7%,45.8%,45.2%,46.7%,50.3%,50.0%,48.0%,44.4%,44.9%,45.7%,46.4%,47.2%,50.6%,53.8%,45.1%,46.0%,45.8%,46.4%,50.3%
17,Detroit,42.9%,40.7%,45.4%,44.5%,44.3%,45.6%,45.4%,43.7%,45.6%,47.8%,52.9%,47.7%,47.3%,48.3%,48.6%,52.3%,47.9%,53.0%,53.7%,57.4%,54.1%,56.2%,52.2%,53.3%,55.4%,52.6%
18,Tulsa,43.0%,41.2%,42.0%,43.9%,46.3%,44.2%,45.3%,44.4%,46.0%,41.9%,44.6%,44.4%,43.3%,46.3%,44.2%,45.8%,43.2%,42.8%,45.0%,48.2%,47.9%,47.3%,48.2%,46.6%,50.5%,57.9%
19,Michigan,43.0%,48.4%,48.4%,48.1%,49.8%,49.5%,46.4%,47.2%,48.4%,44.2%,48.5%,49.9%,50.5%,49.4%,47.2%,47.6%,50.3%,50.8%,51.1%,50.0%,46.9%,44.3%,46.3%,42.6%,50.4%,48.0%
20,WI-Grn Bay,43.1%,46.7%,46.4%,48.6%,52.1%,47.8%,45.7%,50.2%,51.8%,47.2%,48.4%,47.1%,49.1%,48.9%,45.3%,45.8%,44.7%,44.0%,50.0%,48.7%,51.7%,52.5%,50.8%,53.2%,53.6%,56.0%
21,Bradley,43.1%,43.8%,45.3%,42.6%,45.7%,51.0%,50.7%,46.5%,44.9%,52.2%,49.2%,48.7%,48.3%,49.1%,50.0%,49.7%,50.7%,47.2%,48.7%,46.8%,46.2%,46.5%,45.6%,46.4%,46.1%,45.8%
22,Cincinnati,43.1%,39.9%,40.5%,46.9%,40.4%,42.6%,42.9%,38.7%,43.6%,49.0%,48.5%,46.8%,45.1%,44.7%,45.1%,42.3%,43.2%,42.2%,41.3%,41.5%,41.4%,45.1%,43.1%,49.2%,44.2%,48.1%
23,Toledo,43.1%,46.6%,45.6%,48.3%,48.7%,50.5%,50.1%,49.8%,50.7%,55.2%,52.5%,48.3%,51.5%,52.8%,49.2%,46.9%,52.0%,51.0%,46.6%,52.3%,48.5%,46.6%,46.6%,51.2%,47.6%,52.1%
24,Cornell,43.3%,45.7%,46.8%,53.4%,48.1%,50.2%,48.8%,50.5%,49.2%,48.7%,46.3%,46.8%,46.7%,51.2%,48.7%,49.8%,54.4%,43.2%,49.8%,51.1%,49.9%,50.6%,52.3%,--,52.9%,56.6%
25,Wm & Mary,43.4%,45.3%,46.3%,42.7%,46.1%,47.1%,50.9%,49.7%,52.2%,50.0%,48.2%,47.8%,46.5%,48.5%,51.1%,49.4%,50.6%,49.0%,49.4%,51.0%,57.2%,51.1%,47.4%,52.1%,55.7%,54.3%
26,Col Charlestn,43.6%,41.8%,42.1%,44.5%,41.0%,47.1%,46.6%,48.2%,48.5%,45.6%,48.6%,48.6%,48.8%,47.5%,46.8%,45.0%,43.4%,45.5%,48.2%,48.9%,48.7%,53.7%,48.7%,50.1%,51.3%,49.1%
27,Vermont,43.6%,47.8%,47.5%,49.8%,48.9%,46.9%,48.5%,45.8%,44.6%,44.5%,44.2%,44.9%,43.7%,42.5%,44.6%,45.3%,44.0%,42.2%,46.3%,46.9%,49.9%,46.3%,42.4%,47.1%,45.3%,50.1%
28,Rhode Island,43.6%,43.0%,48.9%,48.3%,50.3%,49.6%,46.5%,45.6%,47.1%,50.5%,47.5%,51.3%,50.7%,48.9%,53.8%,47.5%,48.5%,45.0%,46.6%,45.4%,50.6%,48.8%,49.1%,46.8%,44.5%,49.6%
29,New Mexico,43.6%,47.7%,44.2%,48.9%,49.2%,54.9%,50.0%,48.0%,48.7%,53.4%,45.7%,44.0%,49.1%,47.2%,43.1%,42.1%,41.1%,46.4%,48.4%,47.5%,53.7%,50.8%,53.1%,53.6%,53.5%,50.8%
30,Jackson St,43.8%,41.0%,42.7%,46.6%,48.1%,47.4%,44.3%,48.5%,48.1%,49.9%,50.5%,48.9%,44.4%,48.4%,49.1%,51.3%,48.0%,47.2%,44.6%,49.5%,51.5%,46.8%,47.7%,42.9%,47.5%,52.1%
31,GA Tech,43.8%,46.0%,45.2%,44.7%,50.5%,45.4%,43.1%,42.9%,48.4%,49.8%,51.5%,46.3%,42.8%,47.0%,43.3%,43.8%,46.2%,49.9%,49.5%,43.9%,45.4%,46.3%,45.7%,50.8%,51.3%,52.0%
32,Iona,43.8%,42.1%,45.0%,45.6%,43.1%,45.8%,45.4%,44.7%,47.6%,49.0%,46.3%,47.3%,43.3%,48.1%,50.1%,49.1%,50.4%,45.7%,46.0%,47.7%,51.7%,50.3%,46.0%,46.3%,47.2%,47.1%
33,Kansas,43.9%,43.1%,42.3%,40.3%,41.9%,42.2%,43.1%,42.4%,38.4%,41.0%,40.9%,40.8%,40.1%,44.5%,39.8%,39.3%,44.3%,43.4%,43.4%,45.3%,48.6%,46.1%,42.4%,46.7%,46.4%,47.2%
34,St Johns,43.9%,46.4%,48.9%,48.6%,46.1%,48.9%,47.2%,46.4%,43.1%,45.3%,48.6%,48.0%,45.7%,47.6%,49.9%,43.6%,43.9%,44.9%,49.1%,50.5%,46.0%,50.3%,48.7%,53.3%,47.5%,49.2%
35,Alabama,44.0%,45.3%,48.4%,46.2%,45.2%,46.2%,45.1%,42.9%,46.7%,48.1%,48.3%,46.7%,47.7%,41.8%,43.9%,45.2%,47.5%,46.5%,45.1%,44.2%,46.9%,48.5%,48.4%,46.8%,49.3%,40.8%
36,Nebraska,44.0%,45.4%,46.4%,48.3%,48.3%,46.5%,43.6%,46.1%,43.8%,46.8%,42.6%,48.6%,46.5%,42.4%,51.0%,48.0%,47.7%,44.7%,47.5%,47.5%,46.5%,46.9%,52.5%,52.1%,51.2%,49.0%
37,Old Dominion,44.0%,38.8%,45.5%,48.6%,46.5%,45.9%,48.5%,45.0%,46.1%,45.5%,45.6%,47.5%,45.8%,42.8%,45.0%,48.8%,45.0%,45.7%,44.4%,44.0%,45.6%,43.5%,46.0%,47.6%,48.4%,48.8%
38,Valparaiso,44.1%,43.4%,45.7%,44.7%,43.7%,44.2%,46.3%,50.2%,47.2%,45.8%,48.1%,48.5%,50.8%,47.8%,48.1%,44.5%,43.8%,42.3%,41.5%,46.4%,48.6%,49.8%,50.2%,50.2%,51.6%,51.6%
39,Boston U,44.3%,45.9%,48.0%,47.5%,42.8%,45.2%,44.7%,41.1%,44.8%,46.4%,50.6%,48.1%,45.9%,44.4%,46.2%,47.8%,48.2%,50.9%,50.0%,47.5%,52.2%,56.4%,49.9%,53.3%,51.0%,50.3%
40,NC-Asheville,44.4%,48.9%,48.5%,44.5%,47.9%,50.2%,51.3%,50.6%,50.6%,50.6%,46.0%,51.3%,48.5%,46.2%,50.7%,49.5%,49.3%,49.0%,52.1%,51.5%,52.4%,56.7%,57.2%,50.2%,52.9%,49.5%
41,St Fran (NY),44.4%,49.1%,49.4%,50.3%,51.6%,50.4%,46.2%,51.7%,48.8%,50.1%,52.9%,47.8%,48.6%,49.5%,49.2%,51.3%,44.2%,44.7%,45.6%,52.2%,54.1%,49.0%,47.8%,50.4%,52.7%,47.1%
42,N Hampshire,44.6%,49.0%,50.5%,51.7%,48.2%,53.4%,46.2%,48.4%,48.2%,48.5%,49.6%,48.6%,46.2%,44.5%,46.2%,47.5%,46.5%,45.6%,48.6%,50.6%,50.6%,52.1%,47.0%,48.6%,49.8%,50.0%
43,Duke,44.6%,42.2%,43.7%,43.9%,46.3%,46.5%,43.5%,41.2%,46.3%,45.7%,47.0%,46.8%,44.3%,43.1%,47.0%,46.2%,50.3%,46.3%,48.9%,48.9%,45.4%,45.0%,46.0%,50.3%,46.6%,46.2%
44,TX-San Ant,44.6%,47.4%,46.8%,43.5%,46.8%,47.7%,47.0%,48.2%,48.4%,50.4%,54.7%,54.3%,54.8%,48.0%,50.3%,52.3%,54.3%,51.2%,56.9%,48.4%,47.8%,50.0%,51.6%,49.8%,53.0%,51.9%
45,F Dickinson,44.6%,46.1%,46.5%,51.5%,51.3%,52.2%,47.5%,49.1%,45.0%,52.8%,49.6%,52.0%,45.7%,46.6%,46.7%,51.7%,48.9%,52.5%,52.1%,51.9%,50.1%,51.3%,52.8%,54.8%,54.5%,55.8%
46,Hofstra,44.6%,43.9%,45.8%,43.1%,43.4%,47.5%,46.5%,43.3%,45.4%,49.8%,45.4%,42.0%,44.4%,47.1%,50.9%,50.0%,49.4%,48.8%,48.3%,52.0%,54.3%,51.5%,52.9%,51.4%,52.1%,46.9%
47,Rutgers,44.6%,46.8%,46.5%,49.5%,43.5%,46.8%,46.0%,52.9%,45.2%,47.3%,44.6%,45.7%,47.1%,44.7%,46.8%,47.7%,49.1%,49.3%,49.9%,46.6%,47.6%,47.0%,43.8%,46.7%,47.1%,46.9%
48,S Carolina,44.7%,48.3%,47.2%,47.9%,50.4%,48.8%,45.3%,46.3%,47.7%,50.6%,50.9%,47.4%,48.3%,45.5%,48.0%,50.4%,49.4%,43.2%,42.9%,45.4%,48.7%,48.2%,45.7%,52.0%,46.9%,53.7%
49,Texas State,44.7%,41.1%,47.3%,47.7%,51.3%,49.0%,49.2%,49.4%,49.5%,56.2%,56.5%,50.2%,48.8%,52.0%,50.4%,50.7%,47.9%,48.6%,47.9%,47.4%,53.1%,49.3%,46.2%,47.5%,49.5%,49.0%
50,Florida St,44.7%,51.1%,45.8%,48.2%,48.3%,42.2%,45.9%,49.1%,47.7%,51.0%,48.0%,42.1%,40.3%,40.0%,42.2%,47.1%,43.5%,46.5%,48.9%,45.4%,45.4%,45.3%,46.6%,44.5%,50.0%,50.8%
51,Citadel,44.8%,46.3%,47.3%,48.6%,46.0%,50.7%,50.0%,47.4%,49.2%,55.5%,57.4%,47.9%,48.9%,53.7%,55.7%,53.6%,51.1%,56.5%,59.8%,57.7%,57.4%,57.5%,57.1%,55.8%,50.9%,53.5%
52,VA Tech,44.8%,43.3%,42.8%,51.6%,44.9%,47.9%,51.9%,49.3%,47.4%,45.8%,44.1%,46.6%,44.4%,46.9%,48.0%,48.8%,45.6%,49.6%,50.1%,49.0%,49.2%,49.0%,48.6%,48.3%,49.3%,50.5%
53,Maryland,44.8%,43.9%,43.5%,43.4%,43.6%,40.7%,42.4%,43.9%,44.4%,43.0%,42.6%,46.0%,42.1%,44.2%,47.2%,42.7%,45.4%,44.1%,45.6%,45.6%,45.6%,44.7%,44.5%,46.2%,48.2%,47.4%
54,Bucknell,44.9%,42.4%,41.6%,47.6%,46.9%,46.9%,46.4%,42.6%,42.9%,45.6%,47.9%,46.3%,45.1%,44.1%,43.3%,41.1%,46.5%,47.8%,47.6%,46.5%,47.0%,48.8%,52.9%,47.5%,52.4%,49.4%
55,Notre Dame,45.0%,47.0%,45.4%,42.8%,42.7%,42.8%,45.1%,45.3%,45.7%,45.4%,44.8%,46.9%,47.8%,43.6%,45.2%,45.9%,48.2%,47.4%,46.5%,48.2%,47.0%,48.6%,45.8%,48.5%,49.6%,52.4%
56,Mississippi,45.0%,46.0%,48.6%,46.5%,48.1%,49.8%,46.7%,49.5%,50.2%,48.7%,48.3%,48.9%,44.6%,46.1%,43.5%,46.2%,46.3%,43.5%,47.4%,46.7%,48.1%,48.2%,49.7%,45.9%,53.1%,48.9%
57,Arkansas,45.0%,45.5%,45.5%,45.4%,47.7%,46.1%,48.5%,46.0%,43.3%,45.3%,47.4%,48.8%,46.1%,45.0%,48.6%,46.9%,43.6%,46.2%,47.7%,46.7%,48.2%,48.9%,50.5%,46.3%,46.8%,47.4%
58,E Carolina,45.1%,46.1%,45.1%,49.6%,50.0%,45.4%,42.8%,46.7%,48.9%,48.7%,49.0%,50.9%,48.8%,48.9%,50.2%,48.1%,54.1%,53.0%,52.2%,42.6%,50.6%,52.0%,49.7%,49.7%,48.8%,49.2%
59,St Fran (PA),45.1%,52.4%,51.2%,51.4%,52.4%,53.2%,53.6%,53.2%,51.1%,49.8%,52.6%,52.5%,51.1%,50.8%,51.1%,51.4%,50.8%,50.0%,52.3%,47.3%,53.8%,54.9%,51.2%,54.3%,51.4%,52.6%
60,S Alabama,45.1%,50.9%,50.6%,50.1%,49.6%,52.1%,51.6%,46.3%,51.8%,50.0%,47.3%,42.5%,45.5%,50.2%,44.9%,45.7%,47.7%,48.1%,48.4%,51.0%,47.9%,51.3%,50.6%,49.0%,46.8%,47.9%
61,Iowa State,45.1%,45.4%,44.1%,45.2%,44.9%,45.8%,47.5%,48.3%,52.2%,44.2%,44.3%,46.0%,45.9%,46.3%,49.9%,48.8%,46.0%,45.2%,49.5%,47.5%,51.0%,47.1%,50.6%,53.2%,50.8%,49.2%
62,Indiana St,45.1%,50.0%,47.2%,49.6%,48.9%,50.0%,50.2%,51.1%,51.7%,50.4%,50.5%,48.0%,45.7%,44.5%,45.8%,45.6%,47.3%,44.7%,46.5%,44.2%,50.1%,52.1%,52.3%,52.6%,50.1%,48.6%
63,Idaho,45.1%,49.4%,50.4%,54.0%,51.9%,48.8%,48.9%,50.0%,52.4%,50.2%,52.6%,48.1%,49.1%,47.0%,47.6%,50.5%,52.0%,53.0%,48.0%,46.6%,48.1%,55.4%,53.6%,52.6%,55.5%,52.6%
64,Davidson,45.1%,48.2%,49.8%,43.8%,41.5%,45.3%,48.4%,45.9%,46.9%,46.7%,47.0%,43.1%,47.7%,47.3%,45.9%,44.3%,51.0%,51.4%,52.2%,45.8%,50.3%,47.3%,49.2%,49.7%,48.9%,51.5%
65,Texas,45.1%,42.8%,41.1%,42.4%,47.3%,43.8%,44.1%,44.1%,42.0%,44.0%,43.2%,43.5%,43.6%,42.0%,44.6%,42.8%,42.9%,37.7%,45.7%,47.7%,47.5%,46.2%,46.3%,45.3%,46.6%,47.9%
66,St Josephs,45.2%,49.0%,45.1%,46.1%,48.4%,38.9%,45.4%,42.3%,44.8%,48.8%,47.7%,45.8%,50.2%,47.0%,42.2%,45.6%,46.0%,46.3%,49.2%,50.3%,48.9%,49.9%,51.3%,54.1%,47.6%,50.1%
67,Navy,45.2%,39.5%,42.8%,46.4%,48.1%,49.0%,51.3%,50.1%,52.9%,48.5%,48.2%,45.6%,49.9%,50.7%,53.5%,50.7%,49.8%,49.7%,45.8%,52.5%,51.8%,53.2%,50.4%,53.7%,45.7%,49.8%
68,UAB,45.4%,48.9%,48.9%,44.9%,47.4%,50.5%,48.3%,49.1%,45.0%,45.4%,45.1%,47.5%,44.4%,45.7%,44.1%,49.0%,46.2%,47.4%,48.1%,48.8%,49.1%,48.1%,48.1%,46.1%,47.8%,47.2%
69,St Bonavent,45.4%,46.2%,43.8%,51.9%,57.7%,50.9%,50.6%,55.0%,50.6%,53.1%,51.8%,46.2%,49.9%,47.8%,46.2%,49.4%,49.4%,45.3%,50.6%,48.1%,49.7%,46.2%,49.3%,45.2%,49.6%,52.1%
70,Stanford,45.5%,42.4%,38.1%,47.0%,45.1%,44.9%,41.3%,44.4%,46.4%,44.5%,42.1%,51.7%,50.2%,46.4%,44.9%,45.7%,45.8%,44.7%,49.9%,49.1%,47.9%,46.4%,46.3%,46.9%,52.9%,50.4%
71,S Florida,45.5%,47.7%,46.8%,46.3%,47.9%,44.6%,45.5%,45.3%,44.4%,45.9%,46.8%,46.7%,47.2%,46.0%,43.2%,48.5%,47.3%,45.4%,46.9%,45.2%,52.0%,48.5%,51.6%,51.5%,46.6%,48.2%
72,Lg Beach St,45.5%,49.6%,46.7%,52.1%,51.2%,51.7%,48.9%,49.0%,50.8%,48.0%,51.4%,50.1%,50.0%,50.2%,46.1%,47.6%,50.0%,49.0%,50.4%,51.3%,52.4%,51.6%,50.6%,48.2%,51.3%,48.8%
73,IL-Chicago,45.6%,50.4%,46.1%,48.5%,50.3%,47.2%,47.6%,49.7%,50.8%,45.6%,46.0%,46.8%,49.8%,48.9%,49.8%,44.8%,51.4%,51.9%,46.6%,45.7%,45.8%,46.8%,47.9%,49.1%,50.0%,51.1%
74,Michigan St,45.6%,46.9%,44.0%,42.6%,46.3%,43.8%,51.1%,46.6%,47.2%,42.2%,45.6%,47.0%,45.1%,44.8%,42.4%,44.3%,43.5%,43.8%,41.7%,44.2%,38.4%,41.8%,43.4%,48.0%,48.5%,48.7%
75,TX El Paso,45.6%,48.1%,48.1%,44.6%,46.8%,49.6%,46.1%,49.3%,44.0%,45.0%,47.3%,48.0%,43.4%,45.8%,46.6%,44.9%,43.9%,45.2%,48.3%,48.4%,48.7%,46.8%,48.8%,48.6%,50.0%,51.8%
76,Hawaii,45.6%,47.6%,48.8%,49.4%,44.2%,48.4%,47.7%,46.3%,44.7%,42.8%,51.1%,46.3%,51.0%,42.9%,47.4%,45.4%,50.8%,45.2%,44.8%,50.9%,50.1%,50.3%,48.0%,49.8%,47.2%,44.5%
77,Montana,45.7%,47.2%,48.9%,47.7%,47.1%,48.4%,49.6%,47.8%,47.9%,48.2%,50.0%,44.6%,44.8%,43.1%,43.3%,48.0%,52.4%,49.4%,49.5%,52.1%,46.3%,49.3%,48.0%,50.2%,49.9%,52.5%
78,Coppin State,45.7%,48.1%,45.3%,46.6%,49.6%,47.1%,43.9%,45.3%,52.1%,50.6%,49.1%,51.4%,51.1%,48.6%,53.1%,53.4%,53.1%,53.2%,51.8%,55.0%,48.3%,47.1%,47.5%,49.1%,46.7%,54.8%
79,VCU,45.7%,47.2%,45.0%,43.7%,40.5%,42.8%,42.8%,45.0%,48.9%,49.9%,42.9%,42.4%,47.5%,48.7%,46.9%,50.1%,48.8%,48.3%,48.5%,46.0%,50.8%,43.8%,46.8%,45.9%,45.9%,46.4%
80,Houston,45.7%,46.9%,50.1%,46.6%,47.5%,45.8%,44.4%,49.1%,47.4%,48.2%,48.2%,45.1%,51.7%,47.5%,47.0%,49.2%,49.0%,48.4%,48.3%,45.8%,43.8%,43.1%,44.5%,43.4%,43.4%,43.4%
81,Alabama St,45.8%,48.6%,49.5%,42.4%,44.9%,44.2%,43.4%,47.6%,48.9%,49.6%,43.6%,42.8%,47.1%,43.8%,49.8%,47.6%,50.9%,45.3%,51.5%,49.7%,49.3%,53.6%,52.2%,49.0%,50.8%,48.7%
82,Miss State,45.8%,44.3%,47.8%,47.4%,47.0%,44.1%,43.8%,46.1%,45.5%,44.7%,39.8%,42.1%,41.8%,46.2%,47.2%,50.0%,52.3%,47.0%,47.5%,48.6%,47.2%,48.4%,48.8%,45.9%,50.9%,45.8%
83,Lamar,45.8%,44.7%,46.2%,47.3%,43.8%,43.1%,49.1%,46.7%,47.9%,46.8%,52.8%,48.2%,50.4%,49.5%,45.4%,48.9%,53.5%,50.7%,51.3%,53.1%,51.3%,52.3%,49.9%,49.1%,52.7%,54.5%
84,Santa Clara,45.8%,45.9%,43.1%,43.6%,49.0%,48.0%,48.5%,46.4%,43.9%,43.8%,44.7%,44.6%,47.9%,49.2%,51.3%,45.6%,49.9%,49.2%,50.4%,49.3%,55.1%,49.9%,47.2%,47.2%,46.7%,48.7%
85,Evansville,45.8%,50.0%,47.9%,48.0%,48.7%,48.7%,49.5%,50.4%,44.9%,50.5%,51.2%,49.3%,49.2%,51.6%,54.6%,49.7%,49.8%,47.5%,44.4%,47.9%,48.5%,49.0%,52.5%,55.7%,55.3%,54.9%
86,Maryland BC,45.9%,45.0%,43.3%,47.8%,46.6%,47.4%,46.7%,48.4%,50.9%,47.4%,48.8%,50.2%,48.3%,53.2%,52.9%,53.8%,49.5%,49.6%,56.4%,52.2%,51.0%,51.8%,50.3%,44.4%,52.7%,50.5%
87,Virginia,45.9%,49.3%,50.0%,51.8%,48.7%,49.1%,46.4%,48.7%,49.1%,44.2%,50.1%,48.6%,47.3%,47.8%,45.3%,42.7%,42.1%,40.1%,46.2%,45.1%,42.8%,45.4%,42.5%,46.2%,47.9%,46.4%
88,Hampton,45.9%,43.7%,46.3%,44.7%,49.6%,48.0%,46.3%,46.9%,42.8%,47.9%,44.7%,43.8%,46.0%,41.0%,41.6%,42.9%,41.8%,44.5%,47.5%,47.6%,48.2%,50.5%,53.4%,48.3%,48.8%,52.2%
89,Akron,45.9%,49.7%,48.1%,50.8%,52.5%,54.7%,48.5%,43.5%,48.0%,42.9%,50.3%,46.2%,46.3%,46.1%,47.3%,42.7%,47.1%,43.8%,47.5%,49.0%,54.1%,46.1%,45.2%,49.3%,47.4%,48.0%
90,App State,45.9%,45.1%,48.5%,50.0%,53.0%,51.2%,51.1%,49.8%,49.4%,49.3%,45.1%,50.5%,46.5%,52.7%,49.2%,52.5%,51.6%,51.5%,48.8%,50.5%,48.7%,52.8%,50.6%,49.6%,50.0%,46.4%
91,Syracuse,45.9%,41.2%,44.1%,45.4%,45.0%,43.3%,45.9%,43.1%,43.2%,40.4%,46.8%,48.1%,46.3%,44.4%,42.5%,42.6%,45.4%,45.9%,48.2%,49.6%,45.1%,46.9%,48.3%,48.4%,51.6%,50.9%
92,Niagara,46.0%,49.4%,50.0%,50.0%,49.5%,49.1%,48.3%,50.9%,52.9%,51.6%,48.7%,44.4%,47.0%,48.8%,52.3%,50.0%,53.3%,52.1%,46.4%,48.1%,50.2%,51.3%,52.4%,48.5%,46.9%,48.0%
93,N Mex State,46.0%,45.6%,45.9%,47.6%,48.1%,45.1%,47.7%,50.3%,49.9%,49.6%,46.7%,48.0%,49.8%,51.3%,48.1%,43.2%,42.7%,46.4%,42.3%,49.0%,45.7%,48.1%,49.7%,50.5%,45.6%,52.4%
94,Butler,46.1%,47.2%,42.4%,47.3%,47.0%,48.7%,47.8%,52.7%,52.0%,44.1%,48.2%,42.3%,46.0%,48.3%,46.6%,45.3%,51.4%,47.1%,49.1%,51.3%,49.5%,52.2%,43.5%,53.4%,51.9%,51.0%
95,Drexel,46.2%,46.3%,47.3%,48.5%,46.5%,46.1%,46.4%,44.1%,42.8%,43.6%,46.3%,41.7%,43.8%,44.2%,43.8%,47.5%,47.6%,49.0%,51.5%,52.6%,51.1%,54.7%,51.1%,51.2%,50.6%,46.2%
96,UNLV,46.2%,47.8%,47.8%,47.3%,51.2%,52.7%,48.6%,48.6%,48.4%,47.0%,47.0%,46.1%,43.2%,44.3%,44.3%,42.6%,44.2%,42.0%,46.1%,48.9%,46.7%,49.7%,48.5%,48.1%,48.8%,50.9%
97,Georgia St,46.3%,45.9%,48.7%,52.4%,47.1%,51.2%,47.5%,48.9%,52.2%,51.2%,52.0%,49.5%,47.8%,44.5%,41.9%,48.7%,48.3%,43.1%,47.0%,49.4%,44.0%,51.2%,48.0%,47.1%,46.2%,48.6%
98,Rob Morris,46.3%,49.9%,47.2%,49.8%,55.7%,53.5%,49.3%,54.7%,53.6%,52.4%,52.0%,45.7%,46.0%,46.8%,47.6%,51.1%,52.7%,48.3%,48.9%,50.1%,51.1%,52.3%,51.5%,52.4%,51.9%,47.4%
99,Princeton,46.3%,44.5%,39.1%,47.2%,48.6%,47.6%,45.5%,46.6%,49.6%,50.7%,53.3%,45.1%,42.4%,46.0%,45.5%,46.8%,47.5%,47.2%,47.6%,46.9%,51.2%,50.3%,51.9%,--,51.6%,48.1%
100,Illinois,46.3%,44.7%,45.1%,41.9%,45.7%,41.5%,45.5%,44.1%,44.6%,44.2%,43.3%,44.1%,45.2%,45.7%,45.4%,47.1%,46.3%,47.3%,51.0%,49.6%,54.1%,53.6%,45.8%,45.1%,45.2%,45.1%
101,Wichita St,46.3%,52.2%,49.8%,48.1%,48.5%,47.0%,45.8%,46.8%,44.5%,49.2%,45.6%,48.0%,46.4%,43.9%,43.8%,43.4%,43.6%,42.6%,42.1%,42.1%,46.0%,46.5%,43.9%,47.2%,47.2%,45.4%
102,New Orleans,46.4%,48.0%,44.4%,47.3%,46.6%,48.1%,47.1%,47.5%,51.0%,50.9%,49.6%,49.2%,49.9%,,,52.7%,52.7%,53.9%,51.5%,51.8%,51.6%,50.5%,56.7%,52.6%,51.1%,54.1%
103,Wisconsin,46.4%,44.4%,42.2%,45.8%,51.1%,47.0%,45.4%,48.4%,46.6%,43.9%,41.7%,49.5%,45.1%,45.2%,42.0%,42.8%,45.7%,44.5%,44.8%,43.1%,50.6%,44.1%,44.9%,46.6%,49.0%,51.8%
104,Wash State,46.5%,51.0%,53.4%,48.9%,53.6%,51.6%,50.7%,45.8%,43.1%,44.4%,45.3%,40.0%,50.2%,45.6%,47.6%,47.9%,49.6%,50.8%,48.2%,52.6%,54.2%,54.8%,51.2%,46.4%,47.4%,50.5%
105,Montana St,46.5%,45.9%,49.4%,50.7%,53.3%,50.1%,48.7%,47.0%,49.4%,49.9%,51.2%,51.2%,47.9%,48.6%,51.1%,53.7%,52.6%,50.4%,53.4%,50.1%,55.9%,57.4%,48.4%,48.8%,48.8%,48.8%
106,Wagner,46.5%,48.9%,51.7%,51.1%,49.8%,49.5%,45.1%,46.6%,46.9%,52.9%,46.0%,48.5%,48.9%,45.5%,44.6%,44.0%,43.6%,51.7%,45.6%,46.0%,45.8%,49.9%,51.0%,49.3%,50.4%,50.2%
107,Murray St,46.5%,45.3%,48.4%,49.1%,50.1%,49.1%,48.2%,50.8%,44.1%,47.1%,48.4%,48.5%,41.0%,47.6%,46.3%,47.0%,49.8%,44.9%,51.1%,51.0%,47.6%,48.3%,46.3%,50.1%,50.5%,53.1%
108,Illinois St,46.6%,46.5%,49.8%,48.5%,52.9%,51.0%,49.6%,49.2%,42.3%,47.8%,45.5%,47.6%,47.2%,46.7%,44.6%,47.3%,46.2%,45.9%,48.7%,41.1%,50.3%,51.5%,51.5%,54.7%,50.6%,52.6%
109,SE Missouri,46.6%,43.5%,40.5%,45.7%,51.3%,54.8%,52.6%,50.3%,48.8%,53.4%,48.9%,52.0%,50.8%,48.3%,46.3%,44.5%,49.2%,46.2%,55.3%,55.3%,54.1%,55.7%,54.4%,50.6%,52.8%,50.7%
110,N Iowa,46.6%,47.5%,46.1%,49.3%,52.0%,48.3%,45.4%,44.6%,44.2%,44.3%,42.4%,46.3%,44.7%,48.9%,48.3%,47.5%,49.1%,44.0%,48.9%,47.6%,46.4%,51.0%,47.2%,54.2%,54.4%,53.6%
111,Minnesota,46.7%,42.3%,48.3%,48.7%,46.0%,45.2%,50.3%,47.6%,47.3%,45.5%,47.4%,43.4%,43.6%,43.9%,45.1%,42.8%,47.0%,48.3%,48.7%,44.5%,47.3%,48.7%,45.4%,48.3%,51.6%,49.1%
112,Northwestern,46.7%,40.6%,47.5%,50.1%,45.5%,50.2%,51.9%,50.2%,51.1%,50.6%,55.8%,48.5%,48.8%,52.9%,50.6%,46.5%,45.3%,43.8%,43.4%,44.0%,48.9%,48.0%,47.9%,50.5%,47.7%,46.8%
113,Creighton,46.8%,50.3%,47.8%,46.6%,45.7%,46.6%,46.2%,47.8%,44.8%,45.4%,45.2%,46.0%,46.3%,47.4%,47.6%,45.5%,47.0%,46.9%,47.5%,50.2%,50.0%,52.9%,48.9%,46.7%,43.6%,45.7%
114,Penn State,46.8%,46.2%,51.0%,51.4%,53.9%,51.9%,51.2%,50.6%,53.5%,53.2%,50.8%,49.3%,48.1%,48.3%,47.4%,48.0%,44.9%,43.6%,45.5%,46.5%,46.7%,48.4%,45.2%,53.9%,45.6%,49.2%
115,TN Martin,46.8%,48.5%,52.3%,49.6%,51.3%,56.0%,53.0%,55.8%,51.4%,51.6%,53.1%,49.3%,51.5%,53.9%,56.1%,53.3%,59.4%,49.4%,50.8%,52.8%,48.9%,56.7%,58.1%,58.2%,51.2%,50.5%
116,Clemson,46.9%,47.6%,46.1%,49.6%,48.0%,49.4%,47.1%,46.5%,48.6%,49.1%,49.0%,46.0%,47.3%,43.6%,46.3%,44.4%,44.3%,43.8%,45.4%,51.0%,43.9%,44.4%,47.9%,47.7%,49.4%,45.5%
117,LSU,46.9%,43.2%,42.2%,47.2%,46.3%,43.4%,44.2%,47.8%,42.8%,44.2%,46.1%,44.8%,47.7%,45.3%,46.4%,46.9%,43.8%,44.0%,51.3%,52.8%,52.6%,49.4%,47.8%,51.3%,47.6%,52.1%
118,Georgetown,47.0%,42.7%,41.6%,40.7%,42.5%,45.8%,48.7%,44.9%,46.1%,43.2%,40.4%,44.7%,46.0%,45.2%,43.9%,41.5%,46.8%,43.1%,44.1%,46.8%,49.9%,49.6%,48.1%,47.8%,52.4%,50.4%
119,Missouri St,47.0%,45.3%,45.0%,46.1%,45.9%,44.0%,43.6%,45.1%,45.1%,47.7%,46.6%,49.0%,46.0%,48.9%,44.1%,52.5%,50.2%,46.6%,49.1%,49.2%,46.0%,49.4%,49.0%,46.4%,47.8%,49.5%
120,Wake Forest,47.0%,45.7%,44.9%,45.3%,49.3%,43.3%,49.2%,47.1%,45.1%,52.7%,47.2%,44.9%,43.8%,49.3%,48.6%,49.5%,47.7%,51.1%,49.2%,52.1%,48.1%,54.7%,49.5%,52.7%,46.6%,51.0%
121,Gonzaga,47.0%,44.2%,43.3%,42.5%,41.8%,44.4%,40.1%,45.6%,48.0%,43.8%,43.8%,39.4%,44.8%,42.7%,46.6%,42.1%,43.3%,42.0%,44.4%,40.0%,44.1%,43.4%,47.4%,47.0%,41.8%,50.6%
122,Columbia,47.0%,49.6%,46.1%,44.6%,42.8%,46.5%,52.7%,49.2%,50.7%,50.4%,49.9%,46.5%,49.9%,49.1%,44.5%,46.5%,45.7%,47.2%,50.2%,50.2%,51.6%,51.1%,53.9%,--,53.4%,53.2%
123,Purdue,47.0%,49.9%,50.7%,46.4%,51.9%,45.3%,45.5%,47.1%,47.4%,47.5%,47.6%,41.8%,41.6%,44.9%,49.1%,43.9%,46.6%,42.3%,42.9%,46.6%,45.5%,47.2%,48.1%,49.7%,48.6%,47.2%
124,Oral Roberts,47.0%,48.4%,51.5%,51.3%,46.3%,46.4%,50.8%,45.5%,47.5%,46.1%,42.6%,45.6%,44.8%,50.4%,51.2%,47.8%,46.1%,48.8%,50.2%,51.8%,53.9%,51.3%,52.0%,49.4%,50.8%,46.8%
125,Oklahoma,47.1%,43.5%,45.3%,47.1%,44.9%,44.4%,45.2%,47.5%,45.9%,44.6%,46.0%,43.0%,49.1%,49.2%,48.6%,46.6%,48.8%,42.2%,45.3%,47.2%,49.1%,45.8%,44.2%,46.3%,50.3%,48.5%
126,Youngs St,47.1%,46.2%,49.5%,46.3%,53.5%,48.9%,51.3%,49.4%,51.3%,47.5%,52.0%,48.0%,50.7%,49.7%,46.7%,46.5%,51.6%,51.7%,54.5%,53.4%,57.4%,55.0%,49.4%,54.1%,50.7%,51.3%
127,S Car State,47.1%,43.4%,44.9%,48.1%,49.0%,45.8%,49.5%,44.7%,46.6%,50.2%,48.4%,47.0%,50.2%,50.8%,51.6%,49.4%,50.0%,51.5%,49.9%,55.7%,57.8%,57.1%,54.3%,56.6%,47.7%,56.8%
128,Oregon St,47.1%,44.7%,47.5%,51.3%,48.4%,46.8%,51.2%,50.4%,46.3%,51.0%,51.6%,52.1%,50.1%,52.3%,48.6%,47.1%,48.5%,44.4%,50.0%,50.0%,48.1%,46.7%,47.9%,50.4%,55.8%,49.1%
129,James Mad,47.1%,44.6%,44.3%,46.6%,44.8%,45.7%,49.0%,47.8%,52.7%,55.5%,53.4%,48.9%,46.0%,46.2%,47.0%,46.9%,46.8%,48.3%,47.3%,50.6%,50.9%,52.6%,51.8%,50.3%,55.7%,50.7%
130,Rider,47.1%,46.9%,49.2%,47.9%,44.1%,46.8%,47.4%,51.3%,50.4%,47.5%,47.5%,48.0%,48.4%,44.5%,48.5%,46.6%,51.7%,46.6%,45.7%,48.0%,50.5%,53.6%,49.5%,53.6%,47.2%,47.5%
131,E Kentucky,47.2%,55.2%,49.8%,51.1%,50.2%,52.7%,52.3%,46.2%,52.5%,51.5%,52.9%,52.5%,50.5%,50.3%,53.3%,53.3%,56.7%,49.9%,51.3%,49.8%,52.9%,54.4%,53.7%,51.8%,56.5%,49.7%
132,Missouri,47.2%,42.2%,49.3%,47.2%,47.5%,44.1%,46.5%,46.7%,51.3%,46.6%,49.8%,46.9%,45.2%,48.4%,47.9%,44.1%,46.6%,48.0%,48.0%,48.3%,45.4%,50.6%,48.2%,47.9%,49.7%,52.2%
133,Fresno St,47.2%,48.3%,46.7%,45.4%,44.3%,46.3%,47.7%,45.0%,50.6%,42.2%,48.2%,48.8%,45.8%,47.8%,51.0%,46.7%,49.6%,48.0%,48.4%,47.2%,46.7%,50.3%,46.3%,49.9%,47.2%,48.3%
134,Central FL,47.2%,46.3%,47.5%,51.5%,46.1%,48.0%,44.3%,46.7%,45.4%,45.9%,46.8%,48.7%,48.8%,43.6%,48.1%,49.4%,51.0%,50.3%,46.4%,39.9%,43.7%,44.5%,48.0%,49.4%,50.0%,49.2%
135,Florida,47.2%,46.8%,46.7%,48.0%,44.4%,46.7%,46.6%,45.5%,43.7%,46.3%,49.6%,49.4%,48.3%,47.5%,46.1%,41.8%,43.1%,44.6%,44.4%,45.8%,46.5%,48.5%,47.4%,48.8%,49.9%,45.8%
136,Georgia,47.3%,46.1%,46.3%,47.7%,49.9%,48.2%,51.5%,52.2%,49.9%,48.6%,49.1%,47.7%,47.6%,43.4%,46.9%,42.3%,44.8%,43.2%,42.8%,45.4%,43.1%,47.8%,52.1%,53.3%,56.1%,51.0%
137,Brown,47.4%,51.6%,50.0%,51.1%,50.2%,52.6%,48.0%,51.6%,48.7%,49.6%,49.9%,48.2%,48.9%,50.3%,49.0%,45.7%,44.1%,47.0%,48.5%,58.6%,53.9%,50.0%,49.4%,--,51.3%,50.4%
138,W Michigan,47.4%,52.1%,49.3%,52.5%,52.4%,45.6%,48.2%,48.4%,51.4%,51.1%,45.3%,44.8%,45.8%,46.9%,47.7%,44.4%,47.8%,51.1%,51.0%,53.9%,52.5%,50.1%,49.8%,51.5%,55.3%,54.4%
139,Arkansas St,47.4%,48.5%,47.7%,44.4%,42.6%,49.3%,46.4%,49.8%,51.4%,45.9%,53.2%,44.8%,46.7%,46.5%,47.8%,45.0%,48.3%,47.6%,43.5%,49.8%,55.3%,50.2%,52.6%,47.9%,48.8%,48.0%
140,Furman,47.4%,48.8%,46.6%,48.9%,47.8%,49.9%,48.0%,49.5%,49.5%,52.8%,52.7%,52.4%,46.2%,47.4%,49.3%,50.3%,51.0%,51.3%,49.9%,50.9%,51.4%,48.6%,53.6%,51.5%,52.5%,51.5%
141,TX Christian,47.5%,49.5%,49.7%,48.7%,49.8%,53.9%,47.7%,47.6%,50.9%,49.0%,51.5%,52.2%,53.8%,52.7%,53.0%,49.0%,49.8%,42.4%,50.2%,48.4%,50.2%,49.9%,47.6%,51.0%,48.0%,49.2%
142,E Washingtn,47.5%,48.8%,50.5%,52.1%,51.4%,47.3%,52.2%,50.7%,51.9%,52.8%,52.7%,51.2%,50.7%,48.9%,48.6%,46.2%,49.4%,49.2%,53.3%,48.2%,49.6%,50.1%,48.1%,47.8%,50.4%,50.2%
143,Lafayette,47.5%,44.9%,43.3%,49.8%,49.2%,47.3%,46.6%,49.1%,53.6%,54.5%,48.1%,52.4%,49.3%,49.7%,50.9%,51.2%,53.4%,51.5%,52.5%,52.2%,52.2%,52.9%,49.8%,51.4%,51.8%,50.6%
144,Cleveland St,47.5%,46.3%,48.8%,47.0%,45.8%,49.1%,49.2%,51.5%,49.9%,49.5%,47.5%,45.3%,48.7%,46.5%,46.7%,51.8%,46.6%,45.6%,50.7%,51.7%,52.5%,53.2%,49.1%,51.2%,50.0%,49.0%
145,TN State,47.5%,50.9%,54.3%,57.3%,53.7%,55.8%,56.2%,51.7%,48.8%,52.2%,54.6%,52.5%,54.1%,50.5%,49.8%,49.8%,52.8%,51.5%,45.4%,45.4%,51.3%,52.6%,46.8%,50.9%,49.9%,49.5%
146,Providence,47.6%,51.9%,43.0%,44.2%,48.9%,47.7%,46.4%,47.0%,47.8%,47.8%,49.4%,49.7%,52.2%,49.8%,46.6%,46.9%,48.9%,47.1%,49.8%,49.9%,51.5%,48.8%,47.9%,50.6%,47.1%,49.2%
147,Arizona,47.6%,45.5%,42.7%,44.1%,47.9%,44.7%,48.2%,47.8%,50.3%,49.6%,47.5%,50.0%,49.5%,50.4%,45.8%,43.4%,40.2%,42.7%,45.7%,48.5%,47.8%,51.9%,44.4%,48.0%,41.8%,46.2%
148,Austin Peay,47.6%,52.1%,46.8%,51.8%,47.5%,46.4%,45.9%,50.0%,51.2%,53.5%,52.8%,51.2%,48.7%,48.9%,51.1%,51.9%,52.9%,53.2%,53.3%,56.9%,52.1%,53.5%,52.3%,54.5%,54.1%,56.4%
149,W Illinois,47.6%,47.0%,47.8%,52.4%,49.6%,52.1%,56.5%,49.8%,50.3%,50.4%,49.9%,50.5%,44.9%,48.2%,49.5%,43.2%,46.9%,49.4%,46.4%,46.2%,48.9%,48.4%,55.1%,51.8%,51.3%,54.6%
150,NC-Wilmgton,47.7%,46.3%,43.1%,45.3%,45.3%,45.5%,49.5%,48.7%,45.7%,52.1%,48.7%,58.7%,48.0%,48.1%,49.9%,50.3%,49.7%,46.9%,46.1%,54.2%,54.8%,54.4%,52.2%,53.8%,49.1%,51.2%
151,Grambling St,47.7%,50.0%,55.4%,51.8%,49.5%,50.6%,48.1%,47.6%,48.8%,48.5%,48.2%,52.1%,50.1%,46.7%,50.6%,49.9%,57.7%,54.5%,51.5%,54.8%,50.0%,44.7%,47.7%,43.9%,46.3%,43.1%
152,Howard,47.7%,51.8%,53.8%,52.1%,49.7%,53.2%,45.0%,50.2%,52.4%,54.1%,48.2%,49.5%,51.9%,50.3%,49.8%,45.8%,49.8%,44.8%,48.6%,47.2%,53.7%,50.8%,55.0%,55.9%,48.6%,51.1%
153,Charlotte,47.7%,46.7%,44.8%,46.3%,45.2%,47.5%,46.5%,50.4%,48.6%,51.1%,47.4%,46.2%,47.7%,50.8%,48.2%,45.3%,49.2%,48.3%,52.7%,51.7%,54.2%,49.9%,52.1%,52.9%,51.7%,49.7%
154,Ohio State,47.7%,44.3%,38.9%,42.0%,49.9%,46.7%,47.5%,46.3%,47.3%,44.4%,43.6%,44.6%,45.1%,46.9%,45.2%,43.6%,45.8%,45.1%,44.6%,45.7%,46.1%,47.9%,44.2%,47.2%,45.8%,49.3%
155,Mt St Marys,47.7%,47.1%,49.7%,48.7%,54.5%,47.6%,50.5%,54.3%,51.2%,48.9%,46.7%,45.2%,44.8%,46.8%,49.8%,54.8%,54.6%,48.5%,50.1%,49.5%,51.6%,51.1%,48.1%,45.2%,47.4%,48.0%
156,Centenary,47.8%,46.5%,48.2%,49.9%,50.5%,52.8%,52.1%,56.7%,52.3%,51.8%,53.2%,50.0%,54.9%,55.9%,,,,,,,,,,,,
157,NC-Grnsboro,47.8%,47.8%,48.9%,45.4%,45.3%,50.0%,50.6%,45.7%,48.7%,47.8%,48.0%,51.5%,52.6%,52.5%,51.4%,48.2%,50.5%,49.7%,49.0%,47.6%,47.3%,50.1%,48.0%,48.9%,48.6%,46.8%
158,Radford,47.8%,51.9%,47.9%,46.5%,44.9%,49.9%,48.6%,52.4%,47.7%,53.0%,50.4%,44.9%,43.3%,50.2%,48.3%,47.0%,50.4%,47.8%,51.6%,49.9%,48.9%,51.7%,50.8%,46.0%,51.3%,52.9%
159,W Kentucky,47.8%,50.1%,44.2%,45.5%,46.3%,48.6%,48.2%,52.1%,49.8%,53.0%,46.2%,48.3%,49.9%,47.1%,46.9%,47.6%,46.8%,48.1%,50.4%,50.4%,46.8%,47.1%,53.5%,46.0%,48.5%,48.0%
160,Louisville,47.9%,48.1%,45.8%,51.2%,47.2%,45.0%,41.3%,42.3%,44.4%,43.9%,43.2%,43.4%,46.7%,43.4%,42.2%,43.0%,44.3%,43.3%,42.8%,44.8%,45.8%,46.0%,45.1%,50.3%,49.1%,54.9%
161,California,47.9%,46.4%,47.2%,46.8%,46.1%,48.9%,46.4%,47.3%,48.0%,52.9%,51.1%,47.7%,48.8%,47.9%,45.3%,41.7%,44.2%,45.6%,41.5%,43.5%,51.6%,56.7%,47.0%,51.1%,48.1%,52.5%
162,Miami (OH),47.9%,46.9%,48.7%,47.7%,48.4%,48.5%,47.4%,44.4%,44.0%,44.4%,48.0%,46.2%,45.4%,47.9%,49.9%,52.7%,52.4%,53.7%,49.2%,50.8%,51.9%,51.3%,50.6%,51.1%,52.5%,54.1%
163,Ohio,47.9%,43.4%,46.9%,45.4%,47.8%,51.6%,48.0%,47.8%,49.8%,52.4%,50.2%,50.6%,47.1%,49.4%,48.3%,46.5%,45.6%,46.8%,47.1%,46.8%,50.7%,48.9%,48.5%,51.0%,51.9%,51.9%
164,Buffalo,47.9%,46.6%,50.2%,51.9%,49.5%,53.4%,50.1%,47.8%,53.6%,51.3%,49.9%,47.3%,49.3%,44.1%,42.8%,46.1%,47.6%,48.0%,48.8%,45.8%,48.4%,49.3%,49.8%,48.0%,48.3%,52.3%
165,Baylor,47.9%,46.0%,47.7%,44.7%,47.3%,50.7%,53.0%,55.7%,48.0%,48.6%,46.4%,48.2%,41.3%,45.9%,46.2%,44.7%,46.4%,46.4%,49.1%,45.0%,46.2%,47.5%,44.4%,48.3%,49.2%,53.3%
166,Nevada,48.0%,51.5%,49.1%,49.1%,45.0%,47.5%,45.6%,42.8%,44.1%,44.9%,44.9%,44.9%,47.1%,46.4%,45.3%,49.5%,50.0%,45.7%,44.9%,49.3%,50.7%,46.2%,48.8%,46.9%,51.2%,50.0%
167,Alcorn State,48.0%,43.1%,47.2%,51.0%,47.9%,48.7%,49.0%,47.4%,46.6%,48.8%,53.3%,54.6%,50.0%,49.6%,47.4%,43.8%,48.2%,51.0%,48.6%,48.2%,50.4%,55.3%,51.6%,57.7%,50.3%,52.7%
168,Prairie View,48.0%,48.5%,48.4%,49.9%,48.4%,46.4%,49.1%,50.8%,54.0%,51.3%,48.3%,48.5%,46.4%,48.1%,47.5%,46.9%,51.7%,50.1%,53.0%,52.2%,54.4%,53.7%,50.6%,47.2%,49.6%,47.3%
169,St Peters,48.0%,49.4%,53.3%,55.7%,53.6%,50.4%,49.0%,50.8%,50.2%,46.1%,48.0%,46.2%,41.1%,40.8%,48.4%,48.9%,46.4%,44.3%,45.7%,48.4%,47.8%,46.7%,44.9%,41.6%,44.5%,48.4%
170,Saint Louis,48.1%,46.6%,43.1%,42.2%,44.9%,45.6%,46.1%,42.7%,43.9%,44.2%,45.6%,48.3%,44.3%,46.2%,44.4%,44.1%,44.4%,50.6%,50.5%,48.9%,47.7%,46.7%,44.5%,47.0%,48.0%,46.6%
171,Villanova,48.2%,46.5%,46.1%,48.2%,42.6%,46.3%,45.7%,43.3%,45.9%,45.0%,48.6%,45.0%,45.5%,45.3%,45.6%,42.5%,43.0%,45.3%,44.1%,49.1%,49.0%,49.7%,47.9%,50.8%,48.1%,50.7%
172,Hartford,48.2%,49.5%,48.9%,50.2%,44.2%,49.2%,50.9%,48.5%,46.8%,51.1%,48.4%,51.0%,47.9%,48.8%,49.4%,48.5%,51.3%,52.0%,54.0%,48.8%,50.8%,53.2%,49.2%,50.6%,50.4%,53.8%
173,BYU,48.2%,48.4%,44.4%,45.2%,47.6%,44.4%,50.1%,49.7%,49.4%,47.7%,42.7%,46.4%,44.6%,45.2%,47.8%,47.1%,48.2%,49.6%,47.0%,47.6%,51.9%,48.3%,50.8%,45.8%,48.9%,48.7%
174,Dartmouth,48.2%,47.3%,49.0%,49.7%,49.5%,49.4%,44.9%,48.8%,49.6%,49.9%,52.8%,47.9%,50.2%,50.1%,45.1%,49.5%,49.6%,47.8%,52.7%,53.6%,55.5%,54.6%,49.7%,--,50.5%,51.6%
175,Iowa,48.2%,49.2%,50.2%,48.6%,47.0%,47.9%,44.2%,45.2%,41.3%,48.5%,44.5%,48.0%,51.9%,50.1%,51.8%,44.0%,47.3%,43.7%,48.7%,49.5%,51.2%,53.5%,50.3%,46.6%,49.9%,52.5%
176,Texas Tech,48.3%,44.5%,43.8%,49.0%,44.8%,47.8%,46.7%,46.2%,46.5%,52.2%,49.0%,48.9%,47.4%,49.6%,46.7%,51.1%,50.0%,48.2%,47.2%,49.0%,45.0%,42.0%,46.1%,45.5%,44.5%,49.1%
177,Utah State,48.3%,48.5%,43.3%,45.2%,45.6%,48.3%,47.9%,43.8%,45.8%,51.6%,47.4%,44.3%,44.7%,42.6%,45.7%,46.0%,48.2%,46.3%,50.1%,47.7%,50.7%,42.2%,44.9%,42.9%,48.8%,46.2%
178,Samford,48.3%,47.4%,47.9%,46.3%,48.1%,49.1%,51.0%,53.3%,49.4%,52.0%,49.8%,50.9%,47.6%,48.1%,49.0%,50.8%,52.3%,51.0%,49.4%,49.8%,58.3%,47.3%,54.8%,53.1%,52.6%,49.0%
179,LA Tech,48.4%,49.0%,45.3%,46.1%,45.0%,47.1%,44.6%,46.9%,44.9%,48.1%,55.9%,48.7%,47.6%,48.8%,49.3%,45.3%,45.6%,45.5%,49.7%,45.8%,48.6%,49.1%,47.4%,46.5%,47.4%,51.1%
180,Morgan St,48.5%,46.3%,48.0%,49.1%,51.5%,52.8%,50.4%,49.6%,49.8%,50.4%,44.3%,44.6%,45.7%,47.3%,46.8%,45.1%,46.6%,52.9%,52.5%,51.7%,51.9%,52.4%,47.9%,50.2%,51.0%,52.5%
181,Manhattan,48.5%,46.7%,46.3%,47.4%,44.8%,45.4%,45.4%,47.0%,45.3%,48.7%,51.9%,47.1%,45.2%,47.5%,45.0%,43.2%,44.0%,48.0%,52.9%,48.1%,49.1%,48.6%,45.4%,47.1%,52.9%,49.1%
182,Yale,48.5%,47.4%,45.8%,45.3%,47.0%,47.4%,47.1%,46.9%,46.4%,51.5%,50.6%,48.9%,48.0%,45.0%,46.2%,49.2%,48.0%,48.2%,45.5%,49.6%,53.0%,47.8%,46.9%,--,51.2%,45.7%
183,American,48.5%,50.5%,45.5%,44.5%,46.8%,47.9%,44.3%,44.7%,45.3%,43.6%,45.0%,43.0%,45.7%,44.6%,46.2%,45.7%,45.7%,50.9%,53.7%,51.3%,53.6%,50.0%,50.5%,52.9%,53.9%,48.7%
184,Rice,48.5%,42.0%,46.9%,45.0%,43.9%,45.3%,49.2%,45.4%,49.4%,49.1%,47.5%,48.1%,50.3%,48.9%,44.5%,55.5%,48.3%,49.0%,52.7%,49.7%,51.7%,51.5%,55.2%,50.7%,51.6%,54.0%
185,Loyola Mymt,48.5%,49.7%,51.0%,50.0%,50.0%,49.0%,47.6%,49.8%,49.2%,51.7%,54.7%,51.1%,46.2%,47.3%,48.2%,48.8%,50.9%,50.5%,51.6%,51.2%,57.7%,50.3%,53.7%,50.3%,55.0%,52.0%
186,Boston Col,48.6%,53.2%,46.9%,47.8%,46.6%,49.1%,44.5%,44.0%,45.5%,49.0%,48.6%,46.6%,48.9%,49.6%,48.1%,48.7%,50.4%,49.0%,50.0%,53.2%,50.2%,48.8%,50.8%,56.8%,49.7%,49.1%
187,Dayton,48.6%,44.7%,47.9%,48.0%,43.7%,44.9%,45.1%,45.5%,46.0%,48.9%,48.6%,44.8%,44.0%,46.9%,50.0%,47.4%,48.3%,46.5%,43.7%,47.2%,52.5%,47.7%,45.1%,48.7%,45.8%,45.7%
188,TN Tech,48.6%,49.7%,53.3%,54.2%,49.0%,46.4%,54.3%,46.0%,49.2%,47.9%,50.7%,48.7%,51.8%,48.8%,49.1%,51.2%,50.5%,52.0%,48.5%,51.2%,51.6%,51.1%,53.6%,56.0%,53.4%,52.1%
189,Wright State,48.6%,45.8%,46.6%,45.8%,50.4%,51.2%,49.5%,49.8%,48.5%,48.5%,45.2%,41.6%,47.5%,53.7%,54.0%,47.3%,48.2%,50.4%,48.1%,52.0%,45.8%,52.1%,47.3%,44.8%,51.9%,51.2%
190,S Methodist,48.7%,47.1%,46.4%,47.4%,45.9%,47.4%,51.0%,49.4%,43.5%,48.4%,47.8%,46.2%,47.4%,45.5%,52.1%,44.3%,42.7%,42.9%,44.6%,44.1%,48.6%,48.2%,47.4%,43.9%,44.5%,51.4%
191,Morehead St,48.7%,54.6%,56.6%,55.6%,56.5%,53.9%,53.7%,50.6%,52.6%,50.9%,51.2%,45.8%,47.1%,45.7%,53.0%,51.8%,50.6%,48.4%,49.0%,51.8%,56.0%,51.3%,50.0%,47.8%,45.3%,50.7%
192,N Illinois,48.7%,47.9%,46.3%,51.0%,49.9%,50.1%,45.3%,50.0%,46.1%,49.6%,48.1%,47.9%,47.9%,48.8%,49.2%,49.6%,47.4%,52.5%,46.4%,49.8%,54.6%,50.0%,48.0%,52.0%,51.8%,51.7%
193,Portland St,48.7%,50.5%,50.8%,50.0%,53.5%,48.2%,45.8%,46.9%,50.9%,49.8%,49.8%,50.4%,53.0%,53.9%,51.2%,53.4%,52.9%,50.2%,51.4%,56.2%,54.0%,54.6%,53.3%,49.1%,51.2%,55.0%
194,E Illinois,48.8%,48.8%,49.6%,50.3%,52.3%,52.5%,51.4%,48.4%,49.4%,47.9%,47.5%,47.3%,44.1%,46.4%,50.3%,51.2%,50.7%,47.2%,52.0%,47.6%,48.5%,50.3%,46.8%,50.3%,56.3%,52.4%
195,Liberty,48.8%,57.9%,49.1%,48.6%,49.6%,45.8%,47.0%,48.5%,50.0%,51.1%,51.6%,50.0%,51.1%,49.1%,52.5%,48.6%,50.0%,48.0%,52.1%,52.1%,47.3%,48.3%,45.7%,47.8%,46.3%,48.5%
196,AR Lit Rock,48.9%,51.2%,53.8%,45.3%,49.0%,48.4%,46.1%,47.5%,49.8%,49.5%,47.6%,44.2%,50.4%,50.1%,46.8%,47.6%,48.3%,49.1%,45.7%,50.2%,49.4%,51.7%,47.3%,49.7%,55.5%,54.1%
197,WI-Milwkee,48.9%,52.5%,54.0%,46.3%,50.0%,47.6%,47.6%,46.8%,49.5%,51.0%,49.8%,45.0%,50.0%,49.2%,47.1%,51.1%,50.4%,48.5%,48.7%,54.0%,46.5%,53.0%,49.6%,49.9%,45.3%,49.0%
198,San Diego,49.0%,46.5%,43.1%,46.0%,49.1%,47.0%,54.3%,50.2%,51.7%,53.7%,48.0%,45.7%,49.5%,51.5%,49.6%,50.8%,47.9%,46.9%,48.1%,50.9%,46.4%,49.7%,51.1%,51.2%,49.0%,55.9%
199,Memphis,49.0%,47.2%,47.0%,44.1%,43.6%,44.4%,43.1%,41.1%,41.4%,42.1%,42.3%,40.0%,45.4%,45.6%,42.0%,43.8%,49.2%,43.8%,44.6%,47.7%,47.7%,48.9%,40.7%,46.2%,45.5%,47.1%
200,Colorado,49.0%,46.8%,46.2%,46.2%,45.8%,42.8%,44.4%,49.7%,44.9%,50.9%,48.1%,51.4%,51.9%,48.7%,45.3%,44.7%,47.3%,46.5%,44.3%,47.3%,46.6%,48.8%,44.8%,46.8%,47.2%,47.9%
201,Fairfield,49.0%,50.5%,51.0%,51.2%,45.2%,45.0%,43.9%,46.0%,54.7%,50.1%,49.2%,49.1%,45.1%,43.3%,43.6%,43.2%,45.3%,47.2%,49.1%,49.4%,49.0%,51.2%,45.9%,49.3%,48.0%,51.7%
202,E Tenn St,49.1%,50.7%,52.9%,44.0%,47.1%,48.0%,46.7%,52.6%,50.7%,45.5%,50.2%,47.0%,47.8%,44.9%,50.8%,52.8%,51.4%,49.5%,50.1%,45.7%,46.4%,48.5%,51.1%,49.3%,54.7%,51.8%
203,Delaware,49.1%,44.3%,43.3%,43.4%,45.4%,46.6%,44.6%,45.3%,47.6%,52.8%,49.1%,48.8%,49.3%,46.6%,42.0%,44.2%,49.6%,46.7%,51.4%,51.6%,51.2%,49.9%,48.0%,46.7%,47.7%,50.1%
204,San Diego St,49.1%,55.1%,50.0%,49.6%,47.2%,48.7%,50.0%,53.1%,48.9%,49.4%,49.2%,46.6%,43.1%,42.7%,45.1%,43.3%,43.5%,42.3%,41.6%,42.9%,47.8%,47.2%,45.3%,44.8%,43.5%,49.3%
205,Vanderbilt,49.1%,50.8%,50.4%,51.1%,51.7%,48.5%,45.0%,45.7%,49.1%,50.0%,48.3%,42.0%,45.2%,45.6%,47.2%,45.7%,45.8%,44.5%,42.6%,46.8%,50.7%,48.0%,52.7%,52.9%,50.6%,49.7%
206,Colgate,49.1%,46.7%,45.4%,50.1%,48.8%,51.4%,52.6%,47.6%,45.9%,46.7%,45.0%,45.8%,49.9%,51.8%,49.6%,46.9%,50.6%,47.9%,51.4%,50.0%,51.8%,50.5%,51.4%,49.4%,48.0%,51.5%
207,Jacksonville,49.2%,46.3%,51.3%,45.6%,46.6%,48.0%,51.1%,47.3%,54.6%,52.2%,51.9%,48.8%,47.3%,46.6%,51.8%,49.6%,54.3%,54.1%,52.7%,56.5%,53.3%,50.4%,47.2%,52.0%,49.9%,51.4%
208,San Jose St,49.2%,49.2%,47.1%,48.7%,51.4%,53.2%,48.4%,51.8%,48.6%,50.2%,50.0%,49.8%,50.0%,49.3%,50.8%,48.1%,48.5%,51.8%,47.9%,52.0%,53.3%,56.3%,53.6%,55.3%,53.4%,46.5%
209,Pepperdine,49.2%,47.3%,44.4%,50.2%,43.7%,53.9%,51.3%,47.8%,46.2%,54.4%,53.0%,51.6%,52.6%,51.5%,47.4%,45.0%,47.5%,47.7%,50.2%,53.2%,54.7%,54.9%,50.3%,54.1%,54.6%,51.6%
210,Oregon,49.2%,45.3%,46.6%,49.2%,46.5%,45.0%,50.0%,49.0%,48.0%,50.2%,50.4%,53.6%,50.4%,49.4%,48.0%,44.9%,49.4%,47.1%,46.1%,46.1%,48.4%,48.8%,46.2%,50.4%,50.2%,45.1%
211,Norfolk St,49.2%,52.2%,50.5%,48.9%,45.6%,42.2%,47.2%,47.3%,45.6%,49.2%,47.0%,48.7%,48.8%,46.0%,46.1%,45.3%,47.8%,46.3%,46.1%,45.4%,47.3%,48.0%,47.8%,47.5%,47.1%,48.3%
212,Central Mich,49.2%,48.8%,50.1%,48.5%,52.3%,48.8%,53.5%,53.3%,48.8%,51.8%,50.9%,48.5%,46.2%,48.8%,47.0%,54.0%,58.3%,51.7%,50.7%,53.9%,53.1%,53.6%,52.1%,53.6%,53.7%,50.8%
213,Tulane,49.2%,48.5%,46.8%,52.6%,51.1%,47.9%,42.6%,46.7%,41.7%,41.1%,45.1%,48.4%,51.1%,51.5%,47.2%,52.3%,49.4%,49.6%,46.9%,51.9%,49.8%,50.7%,54.0%,46.7%,48.3%,48.2%
214,Indiana,49.2%,44.9%,41.3%,41.9%,42.9%,46.2%,46.0%,46.4%,49.6%,46.0%,45.1%,53.3%,49.9%,47.0%,46.2%,43.2%,46.8%,50.9%,49.0%,47.7%,48.4%,47.3%,47.6%,48.1%,44.0%,45.4%
215,Texas A&M,49.3%,47.5%,50.2%,52.2%,49.7%,48.5%,53.1%,43.2%,44.1%,42.1%,42.2%,46.3%,44.9%,46.2%,46.1%,45.9%,46.5%,47.1%,45.6%,43.7%,45.7%,49.0%,49.2%,55.0%,47.9%,47.2%
216,NC State,49.3%,48.6%,45.1%,47.2%,49.6%,48.8%,47.5%,47.0%,46.1%,47.6%,44.5%,47.1%,46.3%,46.3%,45.7%,47.5%,47.3%,43.6%,47.5%,49.5%,53.6%,51.0%,48.0%,51.2%,53.2%,51.0%
217,S Utah,49.4%,48.3%,51.7%,49.7%,48.5%,52.6%,50.0%,53.5%,48.2%,49.2%,51.2%,55.7%,48.5%,49.5%,51.2%,47.1%,51.4%,49.6%,55.0%,54.2%,53.2%,48.0%,45.4%,50.4%,51.6%,50.2%
218,Maine,49.4%,48.5%,47.6%,49.5%,43.2%,43.6%,44.8%,44.8%,46.4%,49.1%,48.6%,51.6%,44.4%,44.9%,44.7%,45.9%,52.9%,55.6%,55.6%,52.2%,51.3%,52.7%,51.3%,50.2%,53.3%,54.3%
219,E Michigan,49.4%,49.2%,46.5%,49.7%,52.2%,54.0%,51.5%,52.4%,52.9%,50.8%,49.1%,49.0%,48.4%,46.9%,47.7%,48.0%,41.2%,44.0%,47.6%,50.2%,44.7%,50.4%,47.9%,58.5%,50.6%,58.7%
220,San Francisco,49.4%,47.6%,43.2%,46.7%,45.2%,50.7%,48.8%,46.9%,47.7%,50.0%,55.0%,52.0%,50.1%,47.5%,51.9%,49.2%,49.1%,46.9%,47.8%,46.4%,48.5%,49.3%,47.7%,50.1%,48.7%,49.4%
221,Geo Mason,49.5%,45.4%,49.3%,46.6%,46.6%,49.7%,49.8%,47.0%,42.7%,45.2%,46.4%,45.2%,46.5%,45.5%,42.6%,45.3%,50.0%,48.4%,46.0%,48.4%,51.5%,51.6%,51.0%,48.4%,48.1%,49.4%
222,Northeastrn,49.5%,52.8%,51.1%,53.3%,54.2%,49.8%,51.7%,46.1%,44.5%,48.4%,49.0%,46.9%,44.0%,51.1%,49.1%,53.4%,48.7%,49.1%,52.0%,50.7%,51.1%,53.0%,53.2%,48.2%,51.9%,49.2%
223,Beth-Cook,49.6%,47.7%,47.8%,46.4%,47.7%,52.4%,50.2%,48.3%,49.7%,49.7%,49.7%,47.7%,45.2%,52.8%,51.1%,50.9%,51.0%,47.5%,48.4%,54.6%,47.6%,48.7%,51.6%,--,52.8%,52.2%
224,Air Force,49.6%,50.3%,53.2%,53.7%,53.2%,48.5%,50.7%,53.3%,49.1%,49.2%,44.4%,48.1%,54.2%,47.0%,48.4%,54.2%,51.1%,51.5%,51.3%,54.4%,51.3%,53.6%,55.6%,59.1%,53.8%,51.9%
225,Middle Tenn,49.7%,49.2%,51.0%,53.7%,46.7%,46.4%,47.4%,47.0%,49.7%,45.6%,51.3%,49.7%,50.3%,47.1%,43.5%,43.9%,45.6%,48.0%,48.0%,47.1%,50.4%,50.5%,53.4%,55.5%,47.6%,50.2%
226,Oklahoma St,49.7%,47.9%,44.2%,43.4%,45.2%,41.6%,45.7%,49.1%,46.8%,47.6%,48.2%,49.4%,45.0%,44.8%,48.0%,42.4%,45.0%,44.1%,44.7%,52.4%,47.5%,48.3%,48.3%,46.5%,43.6%,44.6%
227,Stetson,49.7%,49.0%,50.6%,50.5%,55.0%,56.5%,50.2%,55.9%,52.6%,52.9%,49.8%,49.7%,53.5%,49.1%,51.3%,51.3%,51.7%,49.1%,54.7%,52.6%,53.6%,54.2%,49.9%,52.6%,53.5%,52.7%
228,Canisius,49.8%,49.3%,47.3%,46.7%,44.9%,44.8%,46.3%,47.0%,50.0%,52.2%,48.4%,43.6%,47.2%,44.6%,51.7%,50.4%,51.4%,46.1%,53.6%,56.0%,51.8%,53.3%,51.5%,50.3%,53.7%,52.0%
229,Holy Cross,49.8%,49.1%,43.9%,39.8%,43.7%,44.2%,43.3%,40.0%,45.0%,43.2%,43.5%,46.5%,48.2%,47.3%,48.4%,47.7%,47.0%,51.7%,52.8%,54.9%,49.3%,52.2%,55.6%,52.2%,52.7%,53.9%
230,Marshall,49.9%,46.2%,46.7%,46.5%,50.4%,49.5%,48.3%,51.2%,49.0%,46.0%,49.7%,51.6%,43.9%,48.3%,49.9%,47.3%,51.1%,49.1%,50.7%,51.3%,48.6%,51.4%,44.3%,47.7%,51.6%,47.7%
231,Charl South,50.0%,51.2%,50.6%,51.7%,46.5%,47.1%,45.9%,46.9%,51.2%,54.5%,55.7%,51.6%,49.6%,50.8%,52.3%,46.3%,47.4%,50.5%,52.6%,53.2%,49.9%,48.8%,53.8%,50.3%,56.0%,54.3%
232,Marist,50.0%,46.0%,48.5%,50.2%,46.5%,48.5%,51.4%,49.5%,46.7%,50.5%,45.8%,45.2%,51.7%,48.5%,49.9%,47.7%,47.5%,49.6%,51.6%,50.5%,50.8%,52.7%,47.7%,45.3%,47.1%,45.1%
233,Loyola-Chi,50.0%,49.2%,44.2%,49.9%,47.8%,50.7%,50.6%,47.7%,47.6%,45.6%,48.4%,48.3%,47.6%,48.8%,49.8%,48.1%,51.0%,50.1%,48.2%,49.6%,47.0%,48.7%,49.8%,46.3%,47.3%,51.7%
234,Weber State,50.0%,52.5%,49.5%,53.2%,52.0%,51.4%,51.9%,51.1%,51.6%,50.9%,46.9%,47.7%,47.5%,45.3%,47.0%,44.7%,47.0%,49.6%,45.2%,49.8%,49.2%,49.7%,50.3%,48.3%,49.2%,51.1%
235,Ark Pine Bl,50.0%,50.0%,47.8%,53.0%,52.5%,48.7%,47.2%,43.9%,42.6%,43.5%,44.8%,47.1%,44.3%,50.8%,47.9%,46.4%,53.3%,48.8%,49.6%,54.3%,49.1%,50.8%,50.2%,51.2%,55.9%,51.1%
236,Monmouth,50.0%,52.5%,47.1%,45.2%,47.8%,46.3%,46.3%,46.4%,43.5%,46.6%,50.6%,50.2%,50.7%,46.2%,54.6%,52.2%,50.0%,44.3%,45.3%,45.1%,49.9%,48.5%,48.1%,48.2%,46.6%,53.4%
237,Winthrop,50.1%,47.3%,44.8%,47.7%,45.7%,44.0%,47.7%,44.6%,46.0%,47.0%,46.8%,47.1%,46.1%,46.3%,48.9%,46.1%,51.7%,45.9%,47.1%,45.9%,48.1%,51.6%,52.0%,49.4%,49.1%,55.5%
238,Duquesne,50.1%,45.9%,51.5%,54.3%,46.6%,47.5%,46.9%,48.1%,52.1%,54.7%,45.4%,52.1%,45.9%,46.7%,50.4%,48.7%,49.6%,47.7%,42.8%,47.9%,51.0%,49.5%,49.7%,50.3%,51.3%,49.4%
239,N Arizona,50.1%,46.0%,46.9%,50.7%,49.0%,47.3%,48.2%,51.8%,50.7%,53.6%,46.0%,51.6%,51.1%,45.9%,54.6%,52.2%,49.3%,49.1%,53.9%,54.3%,52.6%,55.9%,52.8%,60.4%,52.2%,55.7%
240,CS Fullerton,50.1%,49.0%,50.7%,52.3%,50.1%,52.2%,51.0%,51.5%,49.5%,50.5%,51.2%,50.0%,46.4%,50.3%,48.2%,54.8%,50.6%,48.1%,48.2%,48.8%,45.0%,48.5%,49.5%,52.5%,48.4%,49.1%
241,U Penn,50.1%,45.2%,42.8%,45.3%,44.9%,44.3%,47.7%,44.1%,44.3%,48.0%,48.9%,47.3%,52.5%,51.6%,46.7%,45.9%,44.3%,48.1%,48.7%,45.3%,48.0%,48.7%,45.9%,--,52.1%,49.1%
242,DePaul,50.1%,49.0%,46.2%,45.5%,49.9%,47.6%,46.0%,46.7%,48.3%,44.2%,49.5%,51.0%,47.4%,54.6%,52.3%,50.4%,52.9%,52.7%,49.2%,53.6%,49.2%,51.0%,47.9%,49.1%,47.8%,51.1%
243,TX Southern,50.2%,47.1%,47.1%,51.3%,52.4%,49.2%,47.5%,43.1%,47.5%,46.3%,50.9%,51.0%,47.5%,46.8%,44.9%,44.5%,48.9%,48.5%,48.7%,49.3%,49.4%,51.1%,49.2%,45.6%,45.1%,49.1%
244,Arizona St,50.2%,51.4%,49.4%,45.7%,50.8%,49.4%,49.1%,49.2%,47.2%,49.3%,45.3%,46.5%,44.5%,47.5%,46.6%,44.5%,45.3%,48.6%,51.4%,55.9%,50.2%,47.3%,48.8%,51.5%,46.1%,43.6%
245,Mercer,50.2%,51.3%,49.0%,47.4%,49.3%,45.9%,50.1%,50.0%,51.3%,48.8%,46.5%,48.0%,50.3%,50.0%,43.3%,43.7%,47.0%,46.3%,44.7%,47.7%,52.5%,53.4%,50.7%,52.1%,53.2%,48.4%
246,UCLA,50.2%,45.7%,46.8%,50.4%,49.4%,47.8%,47.1%,49.1%,44.6%,45.7%,45.5%,48.0%,49.1%,44.2%,44.4%,46.9%,48.6%,45.4%,47.6%,45.3%,47.3%,47.9%,46.9%,50.4%,47.3%,46.9%
247,Seton Hall,50.3%,45.9%,42.7%,44.1%,46.3%,46.1%,44.7%,44.1%,47.0%,52.7%,48.9%,47.7%,46.9%,46.1%,47.0%,44.6%,49.1%,49.0%,44.3%,48.0%,50.0%,48.7%,44.4%,46.6%,45.1%,47.7%
248,Campbell,50.3%,52.5%,50.9%,51.4%,53.0%,54.4%,54.8%,55.8%,56.5%,53.6%,50.9%,50.2%,51.4%,45.8%,49.6%,52.2%,51.7%,52.7%,52.0%,49.9%,51.8%,53.6%,51.0%,55.4%,49.1%,53.2%
249,USC,50.4%,45.2%,48.5%,46.3%,47.2%,51.3%,50.7%,52.6%,47.0%,43.6%,44.1%,44.1%,41.0%,44.4%,47.4%,44.7%,49.2%,47.2%,46.6%,47.2%,49.8%,48.4%,43.1%,42.1%,42.1%,42.7%
250,Southern,50.4%,49.6%,48.1%,46.0%,52.2%,47.3%,49.1%,50.5%,42.8%,47.1%,48.0%,50.8%,49.2%,51.1%,41.7%,40.5%,41.4%,43.7%,47.7%,48.3%,47.0%,54.8%,49.1%,46.2%,53.0%,51.6%
251,W Virginia,50.4%,49.6%,46.6%,47.5%,50.8%,49.3%,45.5%,49.4%,51.2%,51.1%,45.2%,47.1%,46.1%,47.0%,50.4%,48.0%,50.0%,51.8%,47.7%,46.5%,45.4%,51.3%,45.2%,51.5%,51.7%,50.8%
252,Richmond,50.4%,45.7%,44.0%,43.8%,46.2%,44.5%,46.7%,46.9%,46.3%,53.5%,50.3%,48.0%,43.8%,44.8%,48.0%,48.5%,46.2%,46.2%,49.4%,50.9%,55.2%,54.0%,49.1%,54.9%,49.9%,49.7%
253,S Illinois,50.6%,44.9%,47.5%,47.5%,42.5%,46.4%,47.3%,46.1%,45.5%,46.2%,47.3%,47.4%,49.2%,46.3%,49.6%,51.8%,50.5%,48.2%,52.6%,48.2%,50.9%,47.6%,49.4%,54.1%,50.2%,46.7%
254,W Carolina,50.6%,52.8%,52.4%,50.6%,48.7%,52.2%,52.3%,48.0%,53.1%,52.7%,51.6%,52.2%,52.0%,51.3%,50.9%,50.5%,50.8%,48.6%,49.6%,52.1%,54.3%,57.8%,53.0%,54.6%,52.7%,51.4%
255,Central Conn,50.7%,47.3%,42.3%,48.4%,46.6%,52.9%,51.7%,52.7%,52.5%,49.8%,49.3%,51.8%,49.6%,46.6%,50.0%,49.9%,48.8%,51.2%,53.1%,52.2%,49.0%,51.5%,52.1%,54.6%,53.3%,50.2%
256,Siena,50.7%,47.2%,46.7%,46.7%,42.6%,46.0%,46.0%,48.1%,50.4%,47.7%,49.4%,48.5%,47.4%,48.1%,42.7%,48.2%,45.7%,49.9%,46.7%,50.0%,50.1%,51.9%,48.7%,44.8%,48.7%,49.4%
257,St Marys,50.7%,49.6%,47.1%,54.0%,46.3%,43.9%,47.3%,46.0%,44.6%,45.7%,44.3%,44.3%,46.3%,46.9%,46.1%,44.0%,49.1%,47.2%,44.9%,45.4%,49.5%,49.2%,50.7%,45.8%,47.0%,45.7%
258,Towson,50.7%,51.9%,48.1%,50.8%,46.2%,48.5%,48.6%,48.7%,49.3%,50.3%,48.4%,50.2%,51.5%,52.5%,48.4%,42.8%,45.2%,45.7%,46.2%,47.4%,49.4%,50.8%,48.5%,49.3%,48.4%,47.7%
259,Xavier,50.8%,48.5%,48.0%,46.4%,43.7%,45.2%,47.0%,46.0%,43.8%,48.8%,45.2%,41.4%,46.0%,44.2%,45.5%,45.8%,47.4%,48.9%,48.6%,52.5%,49.8%,48.7%,46.7%,45.7%,48.3%,48.6%
260,TX-Arlington,50.8%,48.3%,53.2%,48.2%,49.8%,46.9%,50.6%,49.2%,47.1%,51.2%,46.6%,50.8%,48.7%,47.3%,46.4%,44.3%,49.0%,47.8%,44.4%,49.4%,47.9%,50.0%,48.2%,47.5%,46.8%,49.6%
261,GA Southern,50.8%,48.6%,52.1%,50.7%,48.3%,50.4%,47.2%,46.5%,48.5%,47.8%,48.7%,52.4%,56.7%,55.6%,53.6%,50.8%,51.5%,45.9%,52.5%,51.4%,50.4%,51.7%,51.9%,48.9%,47.4%,49.4%
262,Fordham,50.9%,52.0%,49.5%,47.4%,45.7%,47.6%,49.3%,48.6%,47.0%,46.4%,50.0%,52.9%,50.3%,48.1%,46.4%,50.0%,51.9%,49.6%,52.3%,52.3%,52.1%,49.6%,48.8%,52.8%,48.5%,46.4%
263,Washington,50.9%,47.0%,47.2%,52.9%,47.2%,49.3%,51.7%,50.5%,48.8%,50.5%,48.8%,45.4%,45.9%,45.3%,46.3%,47.0%,53.3%,45.9%,47.2%,49.6%,50.9%,46.0%,42.4%,50.6%,49.8%,48.6%
264,Jksnville St,51.0%,48.1%,43.5%,49.5%,52.7%,51.0%,52.3%,53.2%,54.1%,48.5%,52.4%,51.0%,48.0%,51.3%,47.5%,50.9%,52.0%,50.0%,53.0%,45.1%,47.3%,47.7%,54.3%,47.5%,47.5%,52.7%
265,Miss Val St,51.2%,43.4%,46.6%,44.0%,51.0%,50.5%,44.8%,43.4%,52.6%,43.5%,50.9%,55.8%,51.8%,48.8%,45.8%,50.9%,54.5%,55.0%,54.5%,56.0%,54.6%,51.4%,55.5%,55.6%,55.0%,53.0%
266,Delaware St,51.3%,50.6%,47.5%,51.3%,46.1%,47.3%,49.1%,51.5%,52.0%,53.5%,55.4%,49.5%,52.1%,54.3%,47.4%,48.4%,51.5%,48.0%,52.8%,52.6%,53.8%,52.6%,55.3%,55.6%,48.6%,50.9%
267,Portland,51.3%,52.7%,47.5%,50.0%,49.5%,52.3%,50.2%,47.8%,48.8%,48.2%,49.5%,49.3%,49.7%,48.3%,51.0%,47.7%,46.0%,49.0%,49.4%,49.2%,51.7%,49.2%,51.0%,60.6%,48.3%,53.2%
268,UMKC,51.3%,48.8%,45.4%,47.4%,45.6%,51.0%,48.4%,49.4%,51.1%,53.5%,51.0%,53.7%,53.4%,52.1%,52.6%,52.0%,52.7%,52.2%,48.9%,53.4%,51.7%,53.0%,50.9%,50.9%,52.8%,48.9%
269,Harvard,51.5%,50.1%,52.1%,48.3%,47.7%,47.5%,52.5%,47.9%,49.0%,55.8%,52.0%,50.0%,45.8%,47.2%,43.3%,48.9%,44.9%,44.5%,46.4%,47.8%,47.7%,49.6%,45.5%,--,49.8%,49.7%
270,Sac State,51.5%,49.0%,48.1%,57.8%,52.3%,50.5%,50.0%,51.4%,52.1%,57.1%,57.5%,54.4%,50.3%,49.2%,50.6%,48.8%,52.9%,54.7%,50.9%,49.5%,50.9%,50.8%,46.8%,56.0%,53.4%,51.6%
271,Sam Hous St,51.6%,46.7%,44.1%,45.1%,45.1%,42.4%,48.9%,43.4%,50.0%,49.3%,43.3%,49.5%,50.4%,50.5%,46.6%,47.1%,49.5%,43.9%,50.9%,48.8%,53.1%,51.4%,52.2%,50.3%,49.1%,46.6%
272,Boise State,51.8%,47.0%,48.7%,50.7%,49.7%,46.5%,48.3%,52.4%,46.4%,46.5%,49.1%,48.7%,49.4%,49.8%,50.3%,51.0%,50.4%,48.1%,50.9%,47.1%,48.4%,52.1%,54.9%,48.9%,48.0%,48.0%
273,UCSB,51.8%,48.3%,43.9%,47.9%,43.2%,45.3%,47.4%,48.7%,45.8%,47.0%,51.5%,48.7%,48.9%,43.1%,43.2%,45.3%,43.5%,45.2%,47.8%,53.2%,48.9%,50.8%,50.6%,47.0%,48.2%,49.4%
274,NW State,51.8%,50.3%,45.4%,46.0%,47.4%,48.9%,47.9%,48.7%,47.1%,53.3%,51.0%,50.7%,50.0%,46.8%,47.0%,46.8%,51.0%,51.8%,54.8%,52.5%,53.1%,48.1%,45.4%,55.8%,54.4%,51.8%
275,Bowling Grn,51.9%,47.4%,50.8%,49.8%,46.7%,49.6%,45.6%,49.7%,52.5%,45.0%,46.3%,44.7%,47.7%,49.9%,49.5%,46.5%,44.3%,46.1%,47.3%,53.3%,51.1%,50.0%,48.1%,51.5%,53.1%,53.8%
276,Chattanooga,51.9%,47.4%,53.1%,49.9%,45.4%,52.0%,57.5%,46.8%,49.3%,50.5%,48.2%,51.2%,49.3%,53.5%,49.8%,51.4%,51.7%,46.3%,50.6%,49.7%,55.7%,52.0%,52.7%,52.2%,52.1%,50.6%
277,Lehigh,52.0%,50.3%,47.9%,45.9%,48.3%,46.0%,43.6%,42.3%,40.9%,44.4%,43.6%,42.6%,47.0%,46.2%,45.9%,49.2%,46.7%,44.0%,48.2%,49.0%,53.0%,49.9%,53.7%,52.3%,47.4%,51.0%
278,Maryland ES,52.0%,51.7%,51.7%,50.6%,51.0%,51.8%,49.3%,54.0%,51.3%,54.0%,51.4%,49.6%,51.5%,53.4%,50.1%,53.4%,53.0%,52.6%,53.0%,52.2%,54.3%,53.2%,51.3%,--,51.3%,51.4%
279,La Salle,52.1%,46.5%,46.2%,47.9%,44.6%,49.0%,51.7%,49.6%,44.0%,51.5%,51.8%,46.3%,48.3%,48.9%,45.5%,50.6%,47.5%,45.1%,51.1%,51.3%,48.8%,51.2%,50.5%,53.8%,47.6%,50.6%
280,Coastal Car,52.1%,56.2%,53.7%,54.2%,53.7%,49.7%,47.7%,54.1%,48.5%,54.2%,50.2%,49.1%,44.7%,42.7%,43.6%,47.7%,46.7%,45.8%,46.2%,49.7%,47.4%,53.1%,49.7%,46.3%,47.8%,51.3%
281,LA Monroe,52.1%,48.1%,45.0%,49.4%,44.7%,49.7%,50.0%,50.6%,49.0%,53.1%,50.6%,49.7%,50.9%,52.5%,50.2%,53.1%,48.8%,44.3%,46.6%,49.0%,50.2%,52.7%,48.7%,47.9%,52.0%,50.3%
282,Cal St Nrdge,52.2%,52.4%,48.2%,51.5%,49.1%,50.4%,55.6%,51.2%,51.7%,51.8%,48.8%,48.0%,47.2%,49.5%,53.2%,53.6%,52.3%,48.5%,47.8%,49.6%,51.7%,48.2%,52.4%,54.2%,53.1%,49.6%
283,Pittsburgh,52.2%,51.1%,46.5%,47.0%,44.6%,43.0%,41.7%,44.0%,42.9%,46.0%,46.8%,45.1%,43.6%,43.2%,49.3%,44.0%,45.5%,49.0%,48.4%,50.2%,50.1%,45.8%,49.0%,51.1%,49.5%,48.1%
284,UC Irvine,52.3%,47.2%,47.4%,44.5%,45.8%,45.5%,44.0%,44.8%,47.8%,45.5%,51.8%,50.9%,47.4%,49.9%,44.0%,42.5%,39.2%,42.4%,41.6%,41.6%,42.9%,40.7%,40.8%,43.2%,46.2%,44.2%
285,Wofford,52.5%,50.1%,49.8%,50.1%,48.4%,52.0%,52.6%,49.6%,53.0%,53.2%,52.3%,50.8%,46.8%,48.8%,48.1%,48.4%,49.6%,47.3%,54.3%,54.6%,52.4%,50.6%,52.8%,52.2%,53.3%,56.1%
286,VA Military,52.6%,51.5%,52.3%,48.9%,51.6%,46.8%,50.0%,51.0%,53.8%,60.0%,58.9%,57.2%,56.6%,50.9%,54.8%,49.8%,49.4%,53.9%,51.2%,54.2%,52.1%,56.9%,52.3%,50.8%,50.2%,57.7%
287,Ball State,52.6%,47.9%,46.8%,44.7%,48.1%,52.5%,48.7%,48.7%,45.0%,49.0%,48.5%,47.0%,45.0%,47.4%,44.4%,50.4%,52.3%,51.8%,43.7%,46.2%,46.3%,46.8%,45.0%,50.4%,50.8%,47.7%
288,LA Lafayette,52.7%,48.3%,46.7%,49.7%,42.7%,46.4%,49.7%,49.0%,41.0%,49.5%,46.2%,49.1%,46.6%,47.5%,42.9%,47.2%,50.6%,47.8%,47.0%,53.8%,48.5%,52.3%,51.9%,47.0%,46.2%,49.3%
289,NC A&T,52.7%,48.1%,47.3%,48.1%,48.1%,54.3%,51.3%,48.5%,50.0%,51.6%,53.5%,50.2%,46.9%,47.3%,49.4%,43.4%,47.8%,47.9%,51.7%,50.2%,52.5%,49.5%,50.2%,50.4%,50.1%,50.7%
290,Kent State,52.7%,47.8%,47.3%,47.2%,46.2%,49.4%,45.2%,50.8%,50.4%,46.5%,45.7%,46.0%,48.5%,47.3%,46.9%,49.5%,47.7%,44.8%,49.5%,48.5%,51.3%,53.2%,46.7%,47.5%,50.1%,47.9%
291,NE Illinois,52.8%,,,,,,,,,,,,,,,,,,,,,,,,,
292,Florida Intl,52.9%,50.2%,44.3%,54.6%,48.4%,49.3%,49.7%,45.8%,44.9%,50.6%,46.4%,49.2%,54.7%,50.8%,50.1%,52.5%,49.0%,46.4%,47.1%,52.6%,50.6%,53.7%,50.6%,53.2%,50.2%,50.4%
293,Ste F Austin,53.0%,49.3%,49.0%,48.4%,49.2%,47.4%,45.7%,51.0%,50.7%,50.3%,44.1%,43.1%,47.6%,50.7%,44.5%,41.4%,50.0%,48.3%,49.7%,52.1%,47.4%,49.9%,48.4%,50.5%,50.1%,51.7%
294,Fla Atlantic,53.1%,56.3%,56.2%,52.9%,48.5%,50.5%,52.9%,49.2%,53.7%,53.7%,50.2%,50.7%,47.8%,46.5%,46.4%,46.0%,46.5%,51.3%,49.0%,49.2%,49.1%,48.7%,50.0%,47.7%,48.3%,44.7%
295,Army,53.3%,49.6%,48.9%,50.0%,50.1%,46.6%,47.3%,50.6%,47.9%,46.4%,46.4%,46.9%,47.9%,49.7%,51.5%,46.0%,49.7%,49.9%,48.3%,50.1%,51.1%,53.4%,50.4%,50.6%,51.6%,52.4%
296,Idaho State,53.4%,48.0%,49.9%,48.1%,50.7%,47.9%,50.0%,51.4%,47.1%,47.0%,47.6%,47.9%,52.7%,50.0%,52.7%,49.7%,50.8%,49.3%,52.2%,54.3%,53.1%,54.2%,55.5%,45.1%,54.5%,52.6%
297,Cal Poly,53.6%,54.5%,53.2%,51.6%,50.2%,45.7%,48.7%,51.9%,48.6%,46.0%,48.5%,49.7%,50.1%,45.6%,49.2%,52.2%,48.7%,47.3%,50.0%,50.0%,49.8%,51.5%,50.8%,49.0%,44.7%,49.3%
298,Belmont,53.6%,50.1%,54.4%,54.4%,51.8%,49.0%,49.4%,51.3%,48.5%,44.0%,51.9%,50.2%,45.9%,44.1%,47.1%,46.7%,52.1%,51.2%,49.5%,48.6%,48.1%,47.2%,46.7%,48.2%,48.7%,49.8%
299,Drake,53.7%,51.6%,44.6%,46.8%,48.9%,51.9%,53.4%,50.3%,52.4%,53.4%,49.5%,47.4%,51.8%,50.6%,48.8%,50.2%,50.9%,53.2%,49.6%,52.0%,52.3%,50.8%,46.3%,49.8%,49.1%,46.9%
300,Loyola-MD,53.8%,50.7%,47.3%,47.8%,50.3%,51.3%,51.4%,48.6%,49.5%,45.5%,46.9%,48.2%,42.2%,48.5%,45.4%,46.1%,48.3%,49.9%,50.2%,53.2%,54.0%,53.8%,52.1%,47.7%,51.3%,55.3%
301,Troy,54.3%,53.9%,47.2%,46.3%,49.2%,46.6%,49.9%,55.5%,51.9%,50.7%,53.8%,50.8%,48.2%,49.9%,52.0%,49.5%,51.4%,51.2%,49.0%,49.5%,49.7%,50.1%,53.1%,49.1%,47.9%,48.4%
302,Nicholls St,54.4%,46.8%,49.9%,50.6%,57.5%,53.4%,55.7%,54.4%,50.6%,53.0%,50.7%,52.1%,56.7%,51.3%,52.8%,51.1%,52.2%,48.3%,49.3%,51.8%,49.7%,53.5%,50.8%,47.5%,47.2%,51.4%
303,McNeese St,55.4%,49.1%,50.1%,47.2%,44.1%,48.4%,50.9%,51.6%,52.0%,46.1%,42.4%,41.9%,49.2%,49.1%,48.2%,48.6%,48.3%,53.2%,50.8%,49.7%,48.4%,53.8%,48.8%,52.5%,52.0%,52.1%
304,SE Louisiana,55.6%,49.4%,48.3%,48.6%,47.8%,52.6%,49.1%,45.8%,48.5%,51.8%,45.0%,43.5%,42.4%,49.8%,47.0%,46.1%,50.9%,48.6%,49.5%,47.6%,48.5%,50.6%,56.1%,56.2%,55.4%,52.1%
305,LIU-Brooklyn,55.7%,49.7%,49.7%,48.8%,55.7%,50.1%,46.8%,51.6%,52.0%,51.7%,50.9%,48.2%,47.4%,50.1%,49.5%,51.1%,52.5%,49.8%,48.8%,47.6%,50.5%,47.7%,,,,
306,TX-Pan Am,57.0%,55.4%,52.4%,53.0%,48.1%,48.0%,48.0%,49.7%,53.6%,51.5%,55.8%,53.3%,53.0%,51.9%,50.7%,48.6%,51.3%,50.1%,51.9%,53.6%,49.9%,50.3%,51.1%,48.5%,53.7%,51.9%
307,North Texas,57.5%,55.9%,53.5%,56.4%,50.5%,49.4%,45.6%,47.1%,49.4%,44.9%,47.5%,49.8%,47.3%,48.8%,45.7%,45.3%,46.6%,48.1%,52.7%,49.6%,49.1%,46.4%,47.8%,45.1%,47.6%,44.2%
308,Chicago St,57.6%,52.5%,48.1%,52.4%,53.6%,53.5%,51.9%,50.2%,51.5%,55.8%,49.8%,51.3%,51.4%,54.3%,51.0%,48.6%,52.1%,50.0%,51.8%,55.6%,57.9%,57.8%,55.4%,60.6%,49.8%,53.1%
309,Quinnipiac,,47.2%,46.4%,46.6%,50.5%,49.4%,51.7%,50.9%,49.8%,46.7%,49.1%,46.8%,44.4%,45.7%,43.8%,45.9%,46.4%,41.9%,46.5%,50.5%,50.2%,50.1%,46.5%,43.7%,47.6%,48.5%
310,Alab A&M,,50.4%,47.9%,48.0%,49.7%,49.9%,48.3%,47.8%,45.8%,43.0%,45.3%,49.5%,48.6%,46.0%,48.0%,48.8%,44.5%,50.7%,51.7%,53.4%,52.3%,54.1%,52.7%,44.8%,45.2%,48.5%
311,Oakland,,53.1%,51.8%,53.1%,54.3%,51.3%,50.5%,53.8%,53.5%,52.5%,52.3%,48.4%,50.0%,47.6%,53.6%,58.5%,55.8%,52.8%,48.1%,45.2%,48.5%,53.2%,49.5%,55.0%,52.9%,53.9%
312,IUPUI,,54.0%,50.6%,50.1%,47.4%,54.3%,49.9%,50.2%,51.7%,48.6%,50.1%,49.4%,48.0%,53.3%,52.6%,54.5%,53.6%,48.5%,51.3%,54.1%,55.6%,50.7%,53.0%,56.5%,52.4%,54.6%
313,High Point,,54.4%,50.6%,49.3%,50.0%,55.0%,49.4%,46.2%,51.0%,49.3%,47.4%,48.7%,48.2%,51.4%,50.8%,47.6%,54.3%,49.8%,53.3%,51.0%,48.8%,51.5%,53.2%,51.7%,52.1%,52.0%
314,Elon,,60.6%,51.1%,51.3%,51.3%,50.5%,50.0%,50.4%,47.5%,51.1%,48.9%,52.6%,51.1%,50.7%,48.2%,43.2%,48.6%,50.6%,49.1%,48.8%,50.0%,51.5%,50.6%,50.3%,49.9%,51.4%
315,Bham Southern,,,42.3%,50.5%,44.8%,46.8%,48.5%,47.1%,50.5%,,,,,,,,,,,,,,,,,
316,Albany,,,46.8%,52.5%,49.4%,53.7%,46.7%,47.5%,47.2%,48.5%,46.8%,49.8%,47.2%,46.7%,50.5%,47.6%,46.0%,46.3%,50.2%,50.7%,51.6%,51.0%,47.7%,51.1%,49.1%,56.5%
317,TX A&M-CC,,,48.7%,52.1%,51.2%,54.1%,49.5%,47.3%,42.2%,48.8%,44.3%,49.2%,47.8%,51.9%,47.4%,49.3%,50.8%,48.3%,46.6%,51.3%,51.6%,46.1%,49.4%,51.7%,50.3%,54.1%
318,Sacred Hrt,,,49.9%,53.3%,48.2%,54.5%,49.5%,49.4%,47.6%,51.1%,49.5%,48.6%,49.0%,50.9%,49.1%,49.1%,52.7%,47.7%,49.6%,50.5%,50.9%,49.4%,46.3%,51.3%,53.6%,49.7%
319,Denver,,,50.7%,46.6%,52.1%,50.3%,47.0%,45.5%,45.7%,50.0%,50.4%,50.0%,48.6%,47.1%,46.3%,46.5%,53.4%,51.7%,49.9%,50.0%,52.0%,51.7%,54.5%,53.8%,50.8%,52.2%
320,Stony Brook,,,51.1%,49.1%,48.7%,52.2%,50.0%,47.7%,49.7%,49.1%,47.8%,50.2%,45.9%,44.7%,47.1%,42.5%,47.3%,43.0%,45.8%,47.5%,49.1%,46.6%,43.3%,46.6%,54.1%,49.9%
321,Lipscomb,,,,48.3%,51.2%,47.8%,48.0%,48.5%,47.5%,47.2%,45.5%,47.8%,51.8%,50.5%,51.8%,52.6%,55.2%,51.8%,51.1%,50.9%,52.7%,48.5%,51.4%,53.4%,48.1%,49.4%
322,UC Riverside,,,,,46.7%,51.6%,49.6%,46.6%,53.5%,54.3%,50.6%,50.3%,45.6%,47.7%,43.2%,47.5%,45.9%,44.6%,47.7%,47.9%,48.5%,53.7%,43.4%,44.7%,47.8%,51.5%
323,Gard-Webb,,,,,46.9%,48.9%,50.9%,47.8%,48.9%,53.1%,48.2%,51.7%,53.1%,48.8%,49.6%,47.8%,51.2%,51.9%,51.1%,46.8%,50.8%,50.4%,49.2%,46.9%,47.4%,47.4%
324,Savannah St,,,,,50.1%,49.4%,47.5%,52.0%,55.8%,48.6%,47.3%,49.8%,48.9%,44.6%,47.9%,43.6%,45.4%,51.9%,48.6%,55.9%,58.0%,53.5%,,,,
325,Binghamton,,,,,50.5%,43.1%,46.3%,45.7%,46.1%,49.7%,50.1%,45.4%,47.4%,48.6%,52.6%,49.8%,49.6%,49.8%,49.0%,51.3%,48.2%,49.0%,54.2%,49.5%,49.6%,50.8%
326,Morris Brown,,,,,50.6%,,,,,,,,,,,,,,,,,,,,,
327,IPFW,,,,,,51.2%,49.6%,50.7%,50.0%,50.6%,49.7%,52.1%,46.8%,51.7%,51.2%,52.3%,52.0%,49.9%,50.2%,49.9%,53.4%,52.0%,54.0%,53.9%,53.6%,55.2%
328,UC Davis,,,,,,,55.6%,55.8%,53.8%,52.8%,56.4%,52.3%,53.1%,51.8%,51.3%,46.5%,54.4%,46.5%,48.7%,48.5%,49.2%,53.3%,55.0%,52.6%,45.4%,48.9%
329,Utah Val St,,,,,,,,50.0%,50.0%,48.1%,49.1%,47.8%,48.5%,47.4%,48.6%,50.0%,49.6%,49.1%,50.3%,47.1%,47.4%,47.3%,47.2%,47.2%,46.6%,42.7%
330,N Colorado,,,,,,,,51.9%,51.4%,50.4%,49.8%,50.8%,47.8%,46.1%,50.4%,52.7%,52.8%,52.9%,54.4%,52.0%,48.7%,49.5%,50.2%,49.8%,50.6%,54.5%
331,Longwood,,,,,,,,52.1%,51.8%,51.2%,54.6%,54.1%,52.1%,56.6%,55.6%,53.1%,55.2%,50.5%,51.3%,52.5%,53.2%,50.5%,50.2%,56.1%,53.9%,50.5%
332,N Dakota St,,,,,,,,,46.2%,45.1%,48.0%,48.5%,46.6%,48.4%,46.6%,42.3%,46.1%,45.0%,47.2%,46.7%,47.8%,52.6%,49.3%,49.5%,47.0%,50.6%
333,S Dakota St,,,,,,,,,50.6%,52.5%,47.2%,53.4%,50.1%,50.5%,50.4%,49.8%,50.3%,45.0%,47.1%,52.4%,49.8%,48.8%,49.2%,49.9%,50.3%,51.7%
334,N Florida,,,,,,,,,53.9%,50.4%,48.5%,47.2%,45.3%,48.2%,49.1%,47.0%,50.1%,48.3%,51.8%,51.6%,54.2%,47.4%,51.3%,50.1%,48.0%,52.1%
335,Kennesaw St,,,,,,,,,56.1%,51.4%,53.0%,52.2%,49.3%,50.7%,57.4%,54.7%,51.4%,51.0%,54.0%,52.8%,56.8%,53.7%,55.0%,54.4%,52.1%,50.6%
336,Central Ark,,,,,,,,,,45.6%,45.0%,51.0%,49.6%,57.0%,55.7%,49.6%,52.0%,54.4%,51.5%,52.2%,49.4%,51.2%,49.9%,51.7%,55.8%,54.8%
337,NJIT,,,,,,,,,,50.9%,50.7%,45.2%,47.5%,47.8%,49.1%,42.5%,49.8%,44.6%,50.6%,53.7%,51.9%,48.8%,50.0%,53.8%,51.0%,53.2%
338,Wins-Salem,,,,,,,,,,57.2%,50.4%,51.3%,51.0%,,,,,,,,,,,,,
339,SC Upstate,,,,,,,,,,,50.8%,44.4%,43.9%,52.1%,50.8%,48.7%,45.1%,46.6%,53.1%,51.3%,56.7%,54.0%,53.3%,54.6%,52.7%,49.3%
340,Fla Gulf Cst,,,,,,,,,,,51.9%,49.5%,50.5%,50.1%,48.0%,46.9%,45.8%,45.8%,48.3%,51.0%,49.2%,49.8%,47.6%,49.5%,50.5%,51.0%
341,NC Central,,,,,,,,,,,54.2%,57.8%,56.9%,52.6%,47.8%,45.7%,43.2%,41.3%,49.3%,46.1%,48.1%,50.9%,50.1%,50.9%,51.4%,49.9%
342,CS Bakersfld,,,,,,,,,,,55.0%,49.5%,51.0%,53.4%,54.0%,51.4%,50.0%,44.4%,42.8%,41.0%,48.5%,49.5%,47.7%,49.4%,50.5%,50.2%
343,Presbyterian,,,,,,,,,,,57.0%,49.1%,49.8%,51.1%,51.2%,51.1%,52.7%,50.6%,53.3%,53.3%,55.5%,53.5%,53.1%,53.3%,50.8%,51.9%
344,Bryant,,,,,,,,,,,,50.6%,48.4%,50.5%,53.2%,51.1%,47.5%,48.9%,53.1%,52.1%,55.4%,52.8%,47.6%,48.5%,47.0%,49.3%
345,Hsn Christian,,,,,,,,,,,,55.3%,47.8%,52.0%,52.7%,47.2%,51.0%,51.0%,49.1%,52.6%,54.2%,54.3%,58.4%,55.7%,53.7%,57.9%
346,South Dakota,,,,,,,,,,,,,43.5%,48.9%,50.5%,51.4%,47.9%,51.1%,50.9%,47.7%,47.2%,50.7%,50.7%,47.3%,51.7%,51.8%
347,North Dakota,,,,,,,,,,,,,49.4%,47.5%,46.1%,48.4%,55.2%,51.2%,50.9%,50.0%,56.0%,52.2%,50.9%,51.1%,55.8%,53.0%
348,SIU Edward,,,,,,,,,,,,,51.4%,53.1%,51.4%,52.6%,57.7%,46.9%,49.2%,54.1%,53.5%,56.8%,52.0%,53.4%,48.7%,48.1%
349,Seattle,,,,,,,,,,,,,52.1%,50.9%,47.7%,45.9%,47.5%,45.1%,47.7%,47.6%,44.8%,44.9%,49.4%,49.9%,46.1%,48.9%
350,Neb Omaha,,,,,,,,,,,,,,,51.1%,54.7%,51.5%,51.7%,52.7%,53.0%,54.7%,55.2%,51.5%,51.2%,54.0%,52.0%
351,N Kentucky,,,,,,,,,,,,,,,,49.5%,51.7%,49.2%,47.9%,50.2%,46.7%,49.9%,47.7%,50.8%,50.0%,49.3%
352,Incar Word,,,,,,,,,,,,,,,,,46.2%,50.6%,52.3%,51.8%,50.6%,61.2%,53.2%,55.2%,57.4%,53.9%
353,Grd Canyon,,,,,,,,,,,,,,,,,48.5%,49.3%,48.4%,47.3%,45.6%,48.4%,50.0%,45.4%,45.1%,47.1%
354,Mass Lowell,,,,,,,,,,,,,,,,,51.7%,54.1%,53.9%,52.3%,55.0%,54.7%,54.3%,48.9%,45.6%,44.9%
355,Abl Christian,,,,,,,,,,,,,,,,,56.8%,55.2%,54.2%,52.1%,52.3%,49.8%,52.3%,46.8%,52.0%,56.2%
356,Cal Baptist,,,,,,,,,,,,,,,,,,,,,,46.9%,48.6%,49.9%,47.8%,49.0%
357,N Alabama,,,,,,,,,,,,,,,,,,,,,,52.6%,49.5%,49.8%,50.1%,49.6%
358,Merrimack,,,,,,,,,,,,,,,,,,,,,,,48.9%,46.1%,48.7%,48.9%
359,LIU,,,,,,,,,,,,,,,,,,,,,,,50.3%,50.9%,48.8%,54.6%
360,Tarleton State,,,,,,,,,,,,,,,,,,,,,,,,50.0%,54.7%,52.2%
361,Bellarmine,,,,,,,,,,,,,,,,,,,,,,,,52.8%,56.1%,55.0%
362,UC San Diego,,,,,,,,,,,,,,,,,,,,,,,,53.3%,54.3%,49.7%
363,Utah Tech,,,,,,,,,,,,,,,,,,,,,,,,53.9%,51.7%,53.3%
364,St. Thomas,,,,,,,,,,,,,,,,,,,,,,,,,58.0%,52.7%
365,Stonehill,,,,,,,,,,,,,,,,,,,,,,,,,,49.0%
366,S Indiana,,,,,,,,,,,,,,,,,,,,,,,,,,51.0%
367,Lindenwood,,,,,,,,,,,,,,,,,,,,,,,,,,52.0%
368,Queens,,,,,,,,,,,,,,,,,,,,,,,,,,53.0%
369,TX A&M-Com,,,,,,,,,,,,,,,,,,,,,,,,,,53.1%
