Team,GP,PTS,PPG,AST,TO,AST/TO,APG,Bench,Bench_PPG,BLKS,BKPG,EFF_FG_PCT,FB pts,FB_PPG,FGM,FGA,FG%,OPP FG,OPP FGA,OPP FG%,Fouls,PFPG,DQ,FT,FTA,FTAvgAtt,FT%,REB,RPG,OPP REB,OPP RPG,REB MAR,DRebs,DRPG,OReb,ORPG,OPP PTS,OPP PPG,SCR MAR,ST,STPG,3FG,3FGA,3FG%,Opp 3FGA,Opp 3FG,OPP_3FG%,3PG,TO_RATIO,OPP TO,AVG_FCD_TO,TO,TOPG,W,L,Pct
Gonzaga,37,3187,86.1,602,397,1.52,16.3,769,20.78,127,3.4,0.582,473,12.78,1188,2282,52.06,993,2246,44.212,613,16.6,12,532,768,20.8,69.27,1376,37.2,1171,31.6,5,993,26.84,383,10.35,2715,73.4,12,268,7.2,279,737,37.86,877,306,34.9,7.5,2.5,489,13.22,397,10.7,31,6,83.8
Toledo,35,2989,85.4,521,336,1.55,14.9,534,15.26,102,2.9,0.565,427,12.2,1057,2138,49.44,981,2128,46.1,564,16.1,8,573,744,21.3,77.02,1192,34.1,1188,33.9,0,839,23.97,353,10.09,2691,76.9,8,238,6.8,302,764,39.53,807,295,36.6,8.6,3.3,452,12.91,336,9.6,27,8,77.1
Oral Roberts,35,2915,83.3,514,329,1.56,14.7,693,19.8,188,5.4,0.558,406,11.6,1058,2231,47.42,918,2207,41.595,453,12.9,3,424,548,15.7,77.37,1288,36.8,1287,36.8,0,975,27.86,313,8.94,2458,70.2,13,237,6.8,375,1027,36.51,868,301,34.7,10.7,3.3,445,12.71,329,9.4,30,5,85.7
Southern Utah,37,3064,82.8,485,492,0.99,13.1,783,21.16,125,3.4,0.534,456,12.32,1064,2286,46.54,999,2270,44.009,680,18.4,25,623,859,23.2,72.53,1427,38.6,1292,34.9,3,1032,27.89,395,10.68,2764,74.7,8,268,7.2,313,887,35.29,829,288,34.7,8.5,0.9,527,14.24,492,13.3,24,13,64.9
Youngstown St.,34,2785,81.9,521,376,1.39,15.3,639,18.79,94,2.8,0.552,413,12.15,1017,2088,48.71,929,2065,44.988,550,16.2,11,480,616,18.1,77.92,1204,35.4,1127,33.1,2,853,25.09,351,10.32,2465,72.5,9,238,7.0,271,743,36.47,698,238,34.1,8.0,1.8,438,12.88,376,11.1,24,10,70.6
Arizona,35,2866,81.9,662,468,1.41,18.9,653,18.66,110,3.1,0.565,480,13.71,1023,2072,49.37,905,2216,40.839,593,16.9,7,525,742,21.2,70.75,1376,39.3,1163,33.2,6,1020,29.14,356,10.17,2490,71.1,10,213,6.1,295,781,37.77,858,277,32.3,8.4,-1.1,431,12.31,468,13.4,28,7,80.0
Alabama,37,3027,81.8,555,512,1.08,15.0,960,25.95,189,5.1,0.521,477,12.89,1023,2314,44.21,885,2387,37.076,691,18.7,14,615,848,22.9,72.52,1652,44.6,1383,37.4,7,1168,31.57,484,13.08,2526,68.3,13,224,6.1,366,1093,33.49,715,202,28.3,9.9,-2.1,434,11.73,512,13.8,31,6,83.8
Marshall,32,2616,81.8,561,372,1.51,17.5,377,11.78,169,5.3,0.527,407,12.72,986,2120,46.51,852,2016,42.262,526,16.4,13,380,548,17.1,69.34,1247,39.0,1233,38.5,0,852,26.62,395,12.34,2281,71.3,10,288,9.0,264,781,33.8,693,222,32.0,8.2,3.3,478,14.94,372,11.6,24,8,75.0
Cornell,28,2287,81.7,489,348,1.41,17.5,852,30.43,63,2.2,0.556,446,15.93,816,1738,46.95,774,1643,47.109,466,16.6,3,355,490,17.5,72.45,964,34.4,964,34.4,0,673,24.04,291,10.39,2129,76.0,5,272,9.7,300,851,35.25,650,231,35.5,10.7,3.5,446,15.93,348,12.4,17,11,60.7
Xavier,37,2995,80.9,705,459,1.54,19.1,459,12.41,120,3.2,0.552,410,11.08,1109,2256,49.16,1012,2285,44.289,593,16.0,9,503,708,19.1,71.05,1396,37.7,1195,32.3,5,1016,27.46,380,10.27,2741,74.1,6,236,6.4,274,703,38.98,765,274,35.8,7.4,-0.7,434,11.73,459,12.4,27,10,73.0
Furman,36,2911,80.9,600,397,1.51,16.7,696,19.33,115,3.2,0.557,406,11.28,1016,2129,47.72,937,2094,44.747,604,16.8,11,539,727,20.2,74.14,1262,35.1,1204,33.4,1,911,25.31,351,9.75,2563,71.2,9,238,6.6,340,988,34.41,733,242,33.0,9.4,2.0,470,13.06,397,11.0,28,8,77.8
New Mexico,34,2749,80.9,466,382,1.22,13.7,501,14.74,134,3.9,0.528,518,15.24,983,2043,48.12,916,2100,43.619,574,16.9,5,591,800,23.5,73.88,1260,37.1,1193,35.1,1,928,27.29,332,9.76,2525,74.3,6,229,6.7,192,545,35.23,810,271,33.5,5.6,1.5,433,12.74,382,11.2,22,12,64.7
UAB,39,3149,80.7,551,488,1.13,14.1,858,22.0,166,4.3,0.508,499,12.79,1112,2462,45.17,984,2391,41.154,664,17.0,6,649,876,22.5,74.09,1595,40.9,1381,35.4,5,1069,27.41,526,13.49,2740,70.3,10,314,8.1,276,778,35.48,903,283,31.3,7.1,1.6,552,14.15,488,12.5,29,10,74.4
James Madison,33,2658,80.5,444,435,1.02,13.5,1079,32.7,87,2.6,0.527,453,13.73,933,2019,46.21,811,1920,42.24,583,17.7,10,529,748,22.7,70.72,1257,38.1,1128,34.2,3,864,26.18,393,11.91,2246,68.1,12,298,9.0,263,751,35.02,729,226,31.0,8.0,3.4,546,16.55,435,13.2,22,11,66.7
UT Martin,33,2658,80.5,450,394,1.14,13.6,720,21.82,114,3.5,0.521,498,15.09,945,2058,45.92,877,2076,42.245,603,18.3,12,513,711,21.5,72.15,1293,39.2,1226,37.2,2,947,28.7,346,10.48,2489,75.4,5,249,7.5,255,771,33.07,838,270,32.2,7.7,1.0,426,12.91,394,11.9,19,14,57.6
Col. of Charleston,35,2804,80.1,478,418,1.14,13.7,1114,31.83,109,3.1,0.515,418,11.94,959,2202,43.55,899,2085,43.118,590,16.9,4,538,723,20.7,74.41,1411,40.3,1189,34.0,6,939,26.83,472,13.49,2353,67.2,12,259,7.4,348,1051,33.11,671,205,30.6,9.9,1.8,482,13.77,418,11.9,31,4,88.6
A&M-Corpus Christi,35,2803,80.1,536,448,1.2,15.3,862,24.63,60,1.7,0.513,423,12.09,971,2152,45.12,893,1995,44.762,665,19.0,12,593,749,21.4,79.17,1306,37.3,1175,33.6,3,881,25.17,425,12.14,2561,73.2,6,296,8.5,268,736,36.41,860,288,33.5,7.7,2.3,529,15.11,448,12.8,24,11,68.6
Iowa,33,2642,80.1,541,325,1.66,16.4,633,19.18,112,3.4,0.517,380,11.52,941,2077,45.31,939,1982,47.376,488,14.8,6,495,671,20.3,73.77,1207,36.6,1145,34.7,1,809,24.52,398,12.06,2464,74.7,5,216,6.5,265,779,34.02,640,234,36.6,8.0,3.0,424,12.85,325,9.8,19,14,57.6
Tulane,31,2478,79.9,485,351,1.38,15.6,422,13.61,130,4.2,0.524,320,10.32,861,1873,45.97,845,1969,42.915,511,16.5,18,515,663,21.4,77.68,1037,33.5,1243,40.1,-6,826,26.65,211,6.81,2392,77.2,2,262,8.5,241,713,33.8,827,295,35.7,7.8,3.2,450,14.52,351,11.3,20,11,64.5
Wright St.,33,2637,79.9,495,419,1.18,15.0,781,23.67,99,3.0,0.546,306,9.27,1031,2077,49.64,897,2062,43.501,514,15.6,6,370,502,15.2,73.71,1212,36.7,1138,34.5,2,908,27.52,304,9.21,2432,73.7,6,207,6.3,205,574,35.71,798,262,32.8,6.2,0.5,434,13.15,419,12.7,18,15,54.5
Memphis,35,2778,79.4,546,467,1.17,15.6,681,19.46,158,4.5,0.53,526,15.03,1004,2096,47.9,848,2114,40.114,637,18.2,18,555,743,21.2,74.7,1256,35.9,1234,35.3,0,892,25.49,364,10.4,2512,71.8,7,301,8.6,215,609,35.3,907,279,30.8,6.1,1.8,531,15.17,467,13.3,26,9,74.3
Bryant,30,2381,79.4,403,402,1.0,13.4,520,17.33,106,3.5,0.532,378,12.6,848,1821,46.57,778,1849,42.077,518,17.3,17,442,602,20.1,73.42,1179,39.3,1021,34.0,5,861,28.7,318,10.6,2193,73.1,6,200,6.7,243,714,34.03,719,237,33.0,8.1,-1.0,372,12.4,402,13.4,17,13,56.7
Marquette,36,2856,79.3,624,386,1.62,17.3,732,20.33,108,3.0,0.56,539,14.97,1056,2174,48.57,919,2067,44.461,582,16.2,10,422,588,16.3,71.77,1146,31.8,1276,35.4,-3,829,23.03,317,8.81,2530,70.3,9,330,9.2,322,912,35.31,776,269,34.7,8.9,5.1,570,15.83,386,10.7,29,7,80.6
Indiana St.,36,2855,79.3,570,434,1.31,15.8,808,22.44,69,1.9,0.564,342,9.5,1008,2088,48.28,902,2117,42.607,587,16.3,9,499,647,18.0,77.13,1245,34.6,1174,32.6,1,996,27.67,249,6.92,2507,69.6,9,235,6.5,340,959,35.45,752,241,32.0,9.4,0.4,450,12.5,434,12.1,23,13,63.9
Miami (FL),37,2925,79.1,535,411,1.3,14.5,485,13.11,115,3.1,0.543,486,13.14,1058,2205,47.98,991,2214,44.761,527,14.2,5,531,677,18.3,78.43,1285,34.7,1188,32.1,2,901,24.35,384,10.38,2661,71.9,7,270,7.3,278,755,36.82,852,285,33.5,7.5,1.4,463,12.51,411,11.1,29,8,78.4
Missouri,35,2762,78.9,559,390,1.43,16.0,876,25.03,95,2.7,0.55,475,13.57,988,2092,47.23,891,1998,44.595,631,18.0,7,461,608,17.4,75.82,1058,30.2,1310,37.4,-7,748,21.37,310,8.86,2604,74.4,4,357,10.2,325,904,35.95,884,309,35.0,9.3,5.8,592,16.91,390,11.1,25,10,71.4
Ohio,33,2602,78.8,412,370,1.11,12.5,854,25.88,73,2.2,0.53,383,11.61,945,2063,45.81,860,1932,44.513,585,17.7,11,417,571,17.3,73.03,1239,37.5,1135,34.4,3,840,25.45,399,12.09,2413,73.1,5,221,6.7,295,791,37.29,747,254,34.0,8.9,1.2,410,12.42,370,11.2,19,14,57.6
Samford,32,2519,78.7,374,405,0.92,11.7,849,26.53,83,2.6,0.533,276,8.62,832,1833,45.39,770,1783,43.186,598,18.7,15,565,756,23.6,74.74,1137,35.5,1066,33.3,2,818,25.56,319,9.97,2290,71.6,7,260,8.1,290,822,35.28,782,287,36.7,9.1,2.0,468,14.62,405,12.7,21,11,65.6
UTRGV,32,2518,78.7,505,514,0.98,15.8,601,18.78,104,3.2,0.529,446,13.94,868,1852,46.87,867,1963,44.167,641,20.0,24,560,802,25.1,69.83,1211,37.8,1099,34.3,3,866,27.06,345,10.78,2502,78.2,0,151,4.7,222,655,33.89,716,238,33.2,6.9,-3.1,414,12.94,514,16.1,15,17,46.9
Eastern Ky.,37,2909,78.6,552,444,1.24,14.9,945,25.54,176,4.8,0.505,412,11.14,1098,2487,44.15,987,2291,43.082,586,15.8,6,395,599,16.2,65.94,1481,40.0,1372,37.1,2,978,26.43,503,13.59,2720,73.5,5,296,8.0,318,927,34.3,909,309,34.0,8.6,2.5,536,14.49,444,12.0,23,14,62.2
UConn,39,3064,78.6,684,503,1.36,17.5,777,19.92,190,4.9,0.539,417,10.69,1082,2333,46.38,856,2145,39.907,692,17.7,10,547,719,18.4,76.08,1534,39.3,1173,30.1,9,1027,26.33,507,13.0,2501,64.1,14,245,6.3,353,973,36.28,653,194,29.7,9.1,-0.3,493,12.64,503,12.9,31,8,79.5
Milwaukee,34,2659,78.2,472,515,0.92,13.9,982,28.88,186,5.5,0.523,419,12.32,944,2062,45.78,893,2187,40.832,610,17.9,6,504,681,20.0,74.01,1330,39.1,1237,36.4,2,925,27.21,405,11.91,2522,74.2,4,236,6.9,267,774,34.5,912,280,30.7,7.9,-1.5,465,13.68,515,15.1,22,12,64.7
Utah St.,35,2736,78.2,585,426,1.37,16.7,842,24.06,117,3.3,0.562,322,9.2,947,1975,47.95,870,2055,42.336,589,16.8,6,517,678,19.4,76.25,1243,35.5,1103,31.5,4,943,26.94,300,8.57,2446,69.9,8,175,5.0,325,840,38.69,694,241,34.7,9.3,-1.1,388,11.09,426,12.2,26,9,74.3
Tennessee St.,32,2499,78.1,427,403,1.06,13.3,571,17.84,105,3.3,0.521,461,14.41,868,1935,44.86,809,1845,43.848,654,20.4,20,482,694,21.7,69.45,1164,36.4,1148,35.9,0,828,25.88,336,10.5,2401,75.0,3,187,5.8,281,804,34.95,675,233,34.5,8.8,1.0,436,13.62,403,12.6,18,14,56.2
Colgate,35,2733,78.1,637,357,1.78,18.2,647,18.49,100,2.9,0.581,345,9.86,1042,2038,51.13,937,2056,45.574,438,12.5,2,363,549,15.7,66.12,1179,33.7,1103,31.5,2,900,25.71,279,7.97,2426,69.3,8,248,7.1,286,709,40.34,753,270,35.9,8.2,2.1,432,12.34,357,10.2,26,9,74.3
UMass Lowell,34,2653,78.0,486,466,1.04,14.3,853,25.09,164,4.8,0.543,332,9.76,965,1995,48.37,790,1940,40.722,572,16.8,7,487,662,19.5,73.56,1314,38.6,1029,30.3,8,908,26.71,406,11.94,2243,66.0,12,237,7.0,236,619,38.13,634,212,33.4,6.9,0.1,471,13.85,466,13.7,26,8,76.5
Texas,38,2963,78.0,614,439,1.4,16.2,1065,28.03,136,3.6,0.533,452,11.89,1083,2289,47.31,906,2132,42.495,663,17.4,10,523,699,18.4,74.82,1296,34.1,1307,34.4,0,930,24.47,366,9.63,2578,67.8,10,299,7.9,274,790,34.68,741,240,32.4,7.2,4.1,595,15.66,439,11.6,29,9,76.3
Pepperdine,31,2417,78.0,469,436,1.08,15.1,525,16.94,117,3.8,0.531,310,10.0,898,1930,46.53,915,1991,45.957,548,17.7,16,368,518,16.7,71.04,1109,35.8,1149,37.1,-1,823,26.55,286,9.23,2520,81.3,-3,168,5.4,253,699,36.19,676,243,35.9,8.2,-1.9,378,12.19,436,14.1,9,22,29.0
Fla. Atlantic,39,3035,77.8,562,460,1.22,14.4,1275,32.69,100,2.6,0.547,444,11.38,1084,2326,46.6,923,2290,40.306,613,15.7,4,492,684,17.5,71.93,1519,38.9,1286,33.0,5,1094,28.05,425,10.9,2547,65.3,12,252,6.5,375,1024,36.62,800,258,32.2,9.6,0.5,481,12.33,460,11.8,35,4,89.7
Portland,33,2566,77.8,488,420,1.16,14.8,740,22.42,75,2.3,0.541,282,8.55,836,1837,45.51,932,2045,45.575,579,17.5,13,577,774,23.5,74.55,1082,32.8,1169,35.4,-2,814,24.67,268,8.12,2594,78.6,0,164,5.0,317,845,37.51,891,337,37.8,9.6,-0.5,403,12.21,420,12.7,14,19,42.4
NC State,34,2643,77.7,434,320,1.36,12.8,473,13.91,152,4.5,0.515,508,14.94,982,2181,45.03,859,1931,44.485,592,17.4,13,398,551,16.2,72.23,1244,36.6,1185,34.9,1,859,25.26,385,11.32,2408,70.8,6,266,7.8,281,810,34.69,648,205,31.6,8.3,3.8,449,13.21,320,9.4,23,11,67.6
Southeastern La.,32,2483,77.6,453,390,1.16,14.2,793,24.78,58,1.8,0.522,406,12.69,889,1942,45.78,861,1872,45.994,557,17.4,10,457,616,19.2,74.19,1107,34.6,1135,35.5,0,778,24.31,329,10.28,2432,76.0,1,233,7.3,248,672,36.9,772,295,38.2,7.8,2.3,465,14.53,390,12.2,18,14,56.2
Houston Christian,32,2482,77.6,474,489,0.97,14.8,630,19.69,88,2.8,0.528,264,8.25,851,1863,45.68,984,1978,49.747,575,18.0,14,515,717,22.4,71.83,1097,34.3,1118,34.9,0,767,23.97,330,10.31,2658,83.1,-5,184,5.8,265,726,36.5,660,242,36.7,8.3,-2.6,405,12.66,489,15.3,10,22,31.2
Buffalo,32,2481,77.5,470,452,1.04,14.7,771,24.09,102,3.2,0.509,484,15.12,906,2000,45.3,881,1942,45.366,602,18.8,17,445,632,19.8,70.41,1208,37.8,1125,35.2,2,831,25.97,377,11.78,2485,77.7,0,254,7.9,224,696,32.18,696,244,35.1,7.0,-0.2,447,13.97,452,14.1,15,17,46.9
Southeast Mo. St.,36,2789,77.5,497,471,1.06,13.8,787,21.86,115,3.2,0.503,430,11.94,958,2191,43.72,928,2085,44.508,767,21.3,35,587,828,23.0,70.89,1262,35.1,1305,36.2,-1,915,25.42,347,9.64,2734,75.9,1,251,7.0,286,875,32.69,744,256,34.4,7.9,1.6,527,14.64,471,13.1,19,17,52.8
FDU,37,2863,77.4,545,425,1.28,14.7,716,19.35,74,2.0,0.517,425,11.49,1045,2312,45.2,972,2061,47.162,696,18.8,14,471,626,16.9,75.24,1271,34.4,1257,34.0,0,844,22.81,427,11.54,2744,74.2,3,295,8.0,302,876,34.47,820,287,35.0,8.2,3.8,567,15.32,425,11.5,21,16,56.8
Utah Valley,37,2863,77.4,594,509,1.17,16.1,668,18.05,242,6.5,0.52,537,14.51,1022,2200,46.45,928,2380,38.992,646,17.5,14,577,780,21.1,73.97,1492,40.3,1354,36.6,3,1115,30.14,377,10.19,2538,68.6,8,239,6.5,242,728,33.24,766,235,30.7,6.5,-1.4,458,12.38,509,13.8,28,9,75.7
Louisiana,34,2630,77.4,489,415,1.18,14.4,653,19.21,102,3.0,0.542,399,11.74,950,1972,48.17,859,1944,44.187,577,17.0,9,491,720,21.2,68.19,1241,36.5,1035,30.4,6,864,25.41,377,11.09,2362,69.5,7,244,7.2,239,635,37.64,592,199,33.6,7.0,0.4,428,12.59,415,12.2,26,8,76.5
Providence,33,2552,77.3,482,387,1.25,14.6,513,15.55,147,4.5,0.511,390,11.82,901,1975,45.62,872,1980,44.04,495,15.0,5,532,717,21.7,74.2,1257,38.1,1069,32.4,5,857,25.97,400,12.12,2343,71.0,6,226,6.8,218,630,34.6,665,225,33.8,6.6,0.0,387,11.73,387,11.7,21,12,63.6
St. John's (NY),33,2552,77.3,500,462,1.08,15.2,716,21.7,123,3.7,0.494,503,15.24,970,2159,44.93,885,2037,43.446,535,16.2,8,419,599,18.2,69.95,1324,40.1,1178,35.7,4,891,27.0,433,13.12,2481,75.2,2,272,8.2,193,583,33.1,802,277,34.5,5.8,0.7,486,14.73,462,14.0,18,15,54.5
Chattanooga,35,2702,77.2,536,407,1.32,15.3,815,23.29,121,3.5,0.55,263,7.51,924,2042,45.25,888,2099,42.306,552,15.8,9,456,639,18.3,71.36,1268,36.2,1185,33.9,2,933,26.66,335,9.57,2523,72.1,5,200,5.7,398,1057,37.65,893,298,33.4,11.4,-1.1,369,10.54,407,11.6,18,17,51.4
San Diego,31,2391,77.1,398,355,1.12,12.8,603,19.45,55,1.8,0.516,450,14.52,849,1882,45.11,897,1818,49.34,547,17.6,13,449,587,18.9,76.49,1027,33.1,1077,34.7,-1,713,23.0,314,10.13,2495,80.5,-3,207,6.7,244,691,35.31,757,309,40.8,7.9,1.4,399,12.87,355,11.5,11,20,35.5
Cincinnati,36,2776,77.1,559,384,1.46,15.5,620,17.22,142,3.9,0.517,403,11.19,1022,2281,44.8,915,2142,42.717,570,15.8,10,418,592,16.4,70.61,1341,37.2,1249,34.7,2,938,26.06,403,11.19,2495,69.3,7,226,6.3,314,894,35.12,669,209,31.2,8.7,1.5,438,12.17,384,10.7,23,13,63.9
Baylor,34,2619,77.0,483,413,1.17,14.2,579,17.03,82,2.4,0.532,351,10.32,880,1957,44.97,864,1902,45.426,590,17.4,8,536,720,21.2,74.44,1155,34.0,1086,31.9,2,764,22.47,391,11.5,2389,70.3,6,223,6.6,323,878,36.79,720,234,32.5,9.5,1.4,460,13.53,413,12.1,23,11,67.6
Rice,35,2693,76.9,533,450,1.18,15.2,495,14.14,85,2.4,0.541,257,7.34,956,2052,46.59,1006,2161,46.553,541,15.5,6,473,641,18.3,73.79,1220,34.9,1211,34.6,0,926,26.46,294,8.4,2680,76.6,0,208,5.9,308,875,35.2,809,294,36.3,8.8,-0.9,417,11.91,450,12.9,19,16,54.3
Santa Clara,33,2538,76.9,460,414,1.11,13.9,504,15.27,125,3.8,0.521,388,11.76,919,2026,45.36,883,2035,43.391,519,15.7,7,425,604,18.3,70.36,1261,38.2,1106,33.5,4,910,27.58,351,10.64,2413,73.1,3,196,5.9,275,742,37.06,785,281,35.8,8.3,-0.7,392,11.88,414,12.5,23,10,69.7
Stetson,31,2381,76.8,429,329,1.3,13.8,839,27.06,99,3.2,0.544,278,8.97,857,1860,46.08,826,1821,45.36,484,15.6,5,356,461,14.9,77.22,1085,35.0,1034,33.4,1,765,24.68,320,10.32,2287,73.8,3,159,5.1,311,811,38.35,692,244,35.3,10.0,-0.4,317,10.23,329,10.6,17,14,54.8
Eastern Wash.,34,2607,76.7,523,461,1.13,15.4,697,20.5,107,3.1,0.569,337,9.91,931,1901,48.97,849,2005,42.344,591,17.4,7,445,589,17.3,75.55,1222,35.9,1055,31.0,4,917,26.97,305,8.97,2429,71.4,5,176,5.2,300,837,35.84,882,294,33.3,8.8,-2.3,383,11.26,461,13.6,23,11,67.6
Wake Forest,33,2528,76.6,444,399,1.11,13.5,555,16.82,90,2.7,0.542,267,8.09,878,1909,45.99,892,1990,44.824,528,16.0,7,457,613,18.6,74.55,1129,34.2,1142,34.6,0,854,25.88,275,8.33,2435,73.8,2,199,6.0,315,866,36.37,769,269,35.0,9.5,0.1,403,12.21,399,12.1,19,14,57.6
Detroit Mercy,33,2527,76.6,413,390,1.06,12.5,313,9.48,64,1.9,0.516,333,10.09,876,2024,43.28,893,1931,46.245,529,16.0,6,437,569,17.2,76.8,1212,36.7,1097,33.2,3,779,23.61,433,13.12,2486,75.3,1,202,6.1,338,875,38.63,757,277,36.6,10.2,-0.1,386,11.7,390,11.8,14,19,42.4
Long Beach St.,33,2524,76.5,494,466,1.06,15.0,613,18.58,108,3.3,0.49,461,13.97,949,2086,45.49,867,2056,42.169,563,17.1,14,480,708,21.5,67.8,1341,40.6,1148,34.8,5,912,27.64,429,13.0,2455,74.4,2,245,7.4,146,494,29.55,820,276,33.7,4.4,-0.1,463,14.03,466,14.1,17,16,51.5
Belmont,32,2447,76.5,488,365,1.34,15.2,585,18.28,101,3.2,0.553,333,10.41,898,1902,47.21,852,1895,44.96,499,15.6,3,344,474,14.8,72.57,1055,33.0,1127,35.2,-2,788,24.62,267,8.34,2299,71.8,4,225,7.0,307,791,38.81,645,230,35.7,9.6,1.3,406,12.69,365,11.4,21,11,65.6
Creighton,37,2828,76.4,581,429,1.35,15.7,392,10.59,152,4.1,0.542,327,8.84,1014,2164,46.86,983,2332,42.153,486,13.1,2,481,614,16.6,78.34,1369,37.0,1230,33.2,3,1063,28.73,306,8.27,2531,68.4,8,185,5.0,319,902,35.37,688,231,33.6,8.6,-1.9,358,9.68,429,11.6,24,13,64.9
Ball St.,32,2445,76.4,422,391,1.08,13.2,509,15.91,123,3.8,0.538,316,9.88,841,1785,47.11,823,1873,43.94,525,16.4,8,523,759,23.7,68.91,1147,35.8,1054,32.9,2,810,25.31,337,10.53,2292,71.6,4,176,5.5,240,651,36.87,619,237,38.3,7.5,-0.6,373,11.66,391,12.2,20,12,62.5
Lipscomb,33,2521,76.4,466,399,1.17,14.1,894,27.09,92,2.8,0.543,309,9.36,943,1983,47.55,866,2024,42.787,460,13.9,2,369,496,15.0,74.4,1198,36.3,1094,33.2,3,909,27.55,289,8.76,2343,71.0,5,177,5.4,266,748,35.56,794,265,33.4,8.1,-0.5,383,11.61,399,12.1,20,13,60.6
George Washington,32,2441,76.3,406,403,1.01,12.7,323,10.09,109,3.4,0.532,273,8.53,869,1849,47.0,892,1999,44.622,526,16.4,13,475,644,20.1,73.76,1118,34.9,1126,35.2,0,834,26.06,284,8.88,2455,76.7,0,182,5.7,228,710,32.11,784,274,34.9,7.1,-1.5,355,11.09,403,12.6,16,16,50.0
North Florida,31,2363,76.2,405,378,1.07,13.1,666,21.48,120,3.9,0.543,283,9.13,837,1838,45.54,929,2004,46.357,435,14.0,6,366,509,16.4,71.91,1058,34.1,1157,37.3,-3,779,25.13,279,9.0,2405,77.6,-1,154,5.0,323,881,36.66,582,205,35.2,10.4,-2.0,316,10.19,378,12.2,14,17,45.2
Portland St.,31,2363,76.2,431,375,1.15,13.9,865,27.9,105,3.4,0.51,470,15.16,835,1865,44.77,787,1669,47.154,700,22.6,21,459,631,20.4,72.74,974,31.4,1113,35.9,-4,685,22.1,289,9.32,2340,75.5,0,220,7.1,234,688,34.01,566,202,35.7,7.5,3.9,495,15.97,375,12.1,12,19,38.7
San Francisco,34,2591,76.2,436,469,0.93,12.8,766,22.53,85,2.5,0.535,308,9.06,883,1975,44.71,854,1941,43.998,629,18.5,11,476,635,18.7,74.96,1173,34.5,1113,32.7,1,847,24.91,326,9.59,2496,73.4,2,230,6.8,349,966,36.13,675,230,34.1,10.3,-1.1,431,12.68,469,13.8,20,14,58.8
North Carolina,33,2514,76.2,397,355,1.12,12.0,395,11.97,128,3.9,0.492,306,9.27,866,1997,43.37,876,2017,43.431,555,16.8,4,548,739,22.4,74.15,1304,39.5,1127,34.2,5,935,28.33,369,11.18,2340,70.9,5,177,5.4,234,751,31.16,646,213,33.0,7.1,-0.3,345,10.45,355,10.8,20,13,60.6
Kansas St.,36,2742,76.2,611,498,1.23,17.0,610,16.94,100,2.8,0.523,404,11.22,961,2083,46.14,878,2070,42.415,644,17.9,14,562,751,20.9,74.83,1247,34.6,1221,33.9,0,892,24.78,355,9.86,2515,69.9,6,289,8.0,258,752,34.31,764,235,30.8,7.2,1.2,541,15.03,498,13.8,26,10,72.2
Kent St.,35,2665,76.1,432,398,1.09,12.3,764,21.83,138,3.9,0.514,360,10.29,957,2128,44.97,777,1920,40.469,659,18.8,13,476,656,18.7,72.56,1249,35.7,1223,34.9,0,863,24.66,386,11.03,2305,65.9,10,309,8.8,275,818,33.62,778,242,31.1,7.9,4.4,551,15.74,398,11.4,28,7,80.0
West Virginia,34,2583,76.0,442,440,1.0,13.0,785,23.09,104,3.1,0.515,359,10.56,882,1953,45.16,834,1857,44.911,632,18.6,16,571,769,22.6,74.25,1152,33.9,1062,31.2,2,769,22.62,383,11.26,2411,70.9,5,227,6.7,248,708,35.03,652,222,34.0,7.3,1.6,496,14.59,440,12.9,19,15,55.9
Bowling Green,31,2355,76.0,428,378,1.13,13.8,821,26.48,93,3.0,0.512,394,12.71,840,1859,45.19,866,1857,46.634,550,17.7,5,451,622,20.1,72.51,1109,35.8,1074,34.6,1,783,25.26,326,10.52,2434,78.5,-2,188,6.1,224,658,34.04,708,253,35.7,7.2,-0.7,357,11.52,378,12.2,11,20,35.5
Iona,35,2658,75.9,520,367,1.42,14.9,462,13.2,192,5.5,0.516,417,11.91,979,2135,45.85,826,2009,41.115,568,16.2,7,453,619,17.7,73.18,1245,35.6,1223,34.9,0,856,24.46,389,11.11,2297,65.6,10,261,7.5,247,683,36.16,696,207,29.7,7.1,3.9,503,14.37,367,10.5,27,8,77.1
SFA,32,2427,75.8,482,493,0.98,15.1,901,28.16,83,2.6,0.528,409,12.78,867,1834,47.27,764,1740,43.908,685,21.4,15,490,684,21.4,71.64,1102,34.4,1067,33.3,1,760,23.75,342,10.69,2238,69.9,5,284,8.9,203,532,38.16,645,214,33.2,6.3,2.7,578,18.06,493,15.4,19,13,59.4
Pacific,33,2502,75.8,419,389,1.08,12.7,998,30.24,85,2.6,0.529,255,7.73,868,1920,45.21,906,1937,46.773,628,19.0,9,469,651,19.7,72.04,1044,31.6,1219,36.9,-5,777,23.55,267,8.09,2565,77.7,-1,179,5.4,297,761,39.03,780,275,35.3,9.0,1.2,428,12.97,389,11.8,15,18,45.5
Norfolk St.,33,2501,75.8,424,434,0.98,12.8,723,21.91,122,3.7,0.533,364,11.03,876,1854,47.25,747,1832,40.775,598,18.1,8,524,704,21.3,74.43,1185,35.9,1032,31.3,4,823,24.94,362,10.97,2264,68.6,7,234,7.1,225,664,33.89,867,301,34.7,6.8,0.7,458,13.88,434,13.2,22,11,66.7
Yale,30,2273,75.8,439,335,1.31,14.6,640,21.33,123,4.1,0.54,295,9.83,841,1764,47.68,653,1650,39.576,521,17.4,12,367,529,17.6,69.38,1133,37.8,957,31.9,5,835,27.83,298,9.93,1897,63.2,12,191,6.4,224,620,36.13,673,216,32.1,7.5,1.4,378,12.6,335,11.2,21,9,70.0
Nicholls,31,2344,75.6,431,420,1.03,13.9,625,20.16,93,3.0,0.517,466,15.03,882,1935,45.58,743,1670,44.491,639,20.6,21,342,530,17.1,64.53,1075,34.7,1114,35.9,-1,718,23.16,357,11.52,2253,72.7,2,302,9.7,238,698,34.1,644,218,33.9,7.7,4.2,549,17.71,420,13.5,16,15,51.6
N.C. Central,30,2268,75.6,439,459,0.96,14.6,680,22.67,97,3.2,0.533,391,13.03,815,1737,46.92,704,1657,42.486,575,19.2,14,417,594,19.8,70.2,1073,35.8,966,32.2,3,745,24.83,328,10.93,1977,65.9,9,239,8.0,221,614,35.99,609,185,30.4,7.4,1.5,503,16.77,459,15.3,18,12,60.0
Saint Louis,33,2493,75.5,543,399,1.36,16.5,755,22.88,132,4.0,0.526,430,13.03,921,1970,46.75,819,1977,41.426,558,16.9,7,421,576,17.5,73.09,1254,38.0,1110,33.6,4,919,27.85,335,10.15,2348,71.2,4,166,5.0,230,645,35.66,754,254,33.7,7.0,-1.4,353,10.7,399,12.1,21,12,63.6
BYU,34,2568,75.5,501,481,1.04,14.7,871,25.62,134,3.9,0.523,365,10.74,913,2008,45.47,819,1897,43.173,659,19.4,12,466,650,19.1,71.69,1271,37.4,1084,31.9,5,897,26.38,374,11.0,2376,69.9,5,252,7.4,276,812,33.99,715,243,34.0,8.1,-0.5,464,13.65,481,14.1,19,15,55.9
Princeton,32,2416,75.5,432,385,1.12,13.5,687,21.47,106,3.3,0.526,243,7.59,867,1906,45.49,810,1904,42.542,512,16.0,7,410,576,18.0,71.18,1248,39.0,1055,33.0,6,923,28.84,325,10.16,2192,68.5,7,156,4.9,272,796,34.17,633,204,32.2,8.5,-1.5,336,10.5,385,12.0,23,9,71.9
Kansas,36,2715,75.4,590,444,1.33,16.4,392,10.89,139,3.9,0.526,443,12.31,1002,2142,46.78,873,2103,41.512,597,16.6,10,460,639,17.8,71.99,1294,35.9,1255,34.9,1,941,26.14,353,9.81,2450,68.1,7,317,8.8,251,724,34.67,742,230,31.0,7.0,2.0,515,14.31,444,12.3,28,8,77.8
Little Rock,31,2337,75.4,460,418,1.1,14.8,691,22.29,72,2.3,0.492,398,12.84,845,1907,44.31,870,1829,47.567,609,19.6,27,462,632,20.4,73.1,1107,35.7,1124,36.3,0,768,24.77,339,10.94,2461,79.4,-4,209,6.7,185,567,32.63,689,270,39.2,6.0,0.7,441,14.23,418,13.5,10,21,32.3
LMU (CA),31,2335,75.3,366,397,0.92,11.8,695,22.42,86,2.8,0.533,229,7.39,832,1831,45.44,809,1773,45.629,602,19.4,11,382,569,18.4,67.14,1119,36.1,983,31.7,4,791,25.52,328,10.58,2265,73.1,2,169,5.5,289,792,36.49,601,202,33.6,9.3,-1.4,354,11.42,397,12.8,19,12,61.3
Howard,35,2634,75.3,523,573,0.91,14.9,814,23.26,109,3.1,0.527,371,10.6,934,2038,45.83,902,2027,44.499,614,17.5,10,484,679,19.4,71.28,1252,35.8,1168,33.4,2,845,24.14,407,11.63,2542,72.6,2,252,7.2,282,754,37.4,743,253,34.1,8.1,-0.9,540,15.43,573,16.4,22,13,62.9
TCU,35,2634,75.3,565,416,1.36,16.1,768,21.94,166,4.7,0.5,611,17.46,965,2128,45.35,871,2038,42.738,578,16.5,4,507,725,20.7,69.93,1254,35.8,1221,34.9,0,852,24.34,402,11.49,2395,68.4,6,281,8.0,197,636,30.97,714,220,30.8,5.6,3.5,539,15.4,416,11.9,22,13,62.9
Grand Canyon,36,2706,75.2,452,430,1.05,12.6,797,22.14,115,3.2,0.542,276,7.67,933,2018,46.23,863,2112,40.862,648,18.0,12,517,722,20.1,71.61,1317,36.6,1211,33.6,2,953,26.47,364,10.11,2421,67.2,7,177,4.9,323,843,38.32,694,220,31.7,9.0,-1.2,387,10.75,430,11.9,24,12,66.7
Pittsburgh,36,2704,75.1,509,400,1.27,14.1,566,15.72,147,4.1,0.525,276,7.67,930,2081,44.69,892,2122,42.036,585,16.2,10,519,684,19.0,75.88,1301,36.1,1246,34.6,1,937,26.03,364,10.11,2510,69.7,5,185,5.1,325,903,35.99,836,273,32.7,9.0,0.2,406,11.28,400,11.1,24,12,66.7
Kennesaw St.,35,2626,75.0,502,434,1.16,14.3,700,20.0,96,2.7,0.531,361,10.31,931,2021,46.07,842,1957,43.025,631,18.0,9,478,723,20.7,66.11,1234,35.3,1188,33.9,1,897,25.63,337,9.63,2415,69.0,6,276,7.9,286,783,36.53,758,251,33.1,8.2,1.9,502,14.34,434,12.4,26,9,74.3
Abilene Christian,30,2249,75.0,471,379,1.24,15.7,806,26.87,71,2.4,0.51,289,9.63,812,1800,45.11,727,1526,47.641,617,20.6,15,414,573,19.1,72.25,972,32.4,1008,33.6,-1,665,22.17,307,10.23,2133,71.1,3,264,8.8,211,613,34.42,517,188,36.4,7.0,5.0,530,17.67,379,12.6,13,17,43.3
Penn,30,2249,75.0,444,382,1.16,14.8,526,17.53,96,3.2,0.534,253,8.43,812,1749,46.43,757,1811,41.8,543,18.1,12,381,514,17.1,74.12,1128,37.6,1014,33.8,3,824,27.47,304,10.13,2160,72.0,2,166,5.5,244,678,35.99,800,260,32.5,8.1,-2.4,309,10.3,382,12.7,17,13,56.7
Morgan St.,31,2323,74.9,479,500,0.96,15.5,664,21.42,138,4.5,0.505,336,10.84,863,1911,45.16,789,1794,43.98,647,20.9,22,391,568,18.3,68.84,1074,34.6,1182,38.1,-3,712,22.97,362,11.68,2242,72.3,2,303,9.8,206,559,36.85,602,186,30.9,6.6,2.8,586,18.9,500,16.1,15,16,48.4
Duquesne,33,2472,74.9,505,395,1.28,15.3,742,22.48,124,3.8,0.511,389,11.79,897,2052,43.71,836,1875,44.587,614,18.6,8,376,542,16.4,69.37,1177,35.7,1196,36.2,0,767,23.24,410,12.42,2352,71.3,3,266,8.1,302,826,36.56,634,223,35.2,9.2,2.4,475,14.39,395,12.0,20,13,60.6
Houston,37,2770,74.9,544,370,1.47,14.7,627,16.95,182,4.9,0.523,406,10.97,1010,2203,45.85,708,1933,36.627,618,16.7,9,466,636,17.2,73.27,1441,38.9,1173,31.7,7,967,26.14,474,12.81,2126,57.5,17,293,7.9,284,835,34.01,840,234,27.9,7.7,3.7,506,13.68,370,10.0,33,4,89.2
Hofstra,35,2619,74.8,504,376,1.34,14.4,644,18.4,148,4.2,0.553,243,6.94,1001,2084,48.03,862,2115,40.757,503,14.4,14,314,425,12.1,73.88,1181,33.7,1278,36.5,-2,910,26.0,271,7.74,2324,66.4,8,218,6.2,303,826,36.68,769,236,30.7,8.7,1.9,442,12.63,376,10.7,25,10,71.4
Drake,35,2617,74.8,478,368,1.3,13.7,610,17.43,92,2.6,0.537,311,8.89,952,2032,46.85,811,2001,40.53,522,14.9,5,435,567,16.2,76.72,1250,35.7,1146,32.7,2,972,27.77,278,7.94,2236,63.9,10,187,5.3,278,751,37.02,760,233,30.7,7.9,1.5,421,12.03,368,10.5,27,8,77.1
UC Irvine,35,2617,74.8,518,431,1.2,14.8,852,24.34,87,2.5,0.525,405,11.57,969,2082,46.54,797,2010,39.652,666,19.0,17,432,600,17.1,72.0,1296,37.0,1185,33.9,3,955,27.29,341,9.74,2352,67.2,7,245,7.0,247,656,37.65,716,231,32.3,7.1,0.4,445,12.71,431,12.3,23,12,65.7
UC Davis,32,2392,74.8,389,471,0.83,12.2,450,14.06,90,2.8,0.503,485,15.16,809,1820,44.45,830,1862,44.576,600,18.8,10,560,790,24.7,70.89,1186,37.1,1050,32.8,4,809,25.28,377,11.78,2274,71.1,3,227,7.1,214,630,33.97,559,205,36.7,6.7,0.1,473,14.78,471,14.7,18,14,56.2
Indiana,35,2616,74.7,533,402,1.33,15.2,619,17.69,177,5.1,0.535,374,10.69,994,2044,48.63,852,2084,40.883,599,17.1,7,428,602,17.2,71.1,1250,35.7,1199,34.3,1,929,26.54,321,9.17,2404,68.7,6,203,5.8,200,544,36.76,787,263,33.4,5.7,-0.3,391,11.17,402,11.5,23,12,65.7
Wofford,33,2466,74.7,412,361,1.14,12.5,691,20.94,68,2.1,0.537,209,6.33,906,1916,47.29,878,1908,46.017,468,14.2,7,407,552,16.7,73.73,1088,33.0,1023,31.0,1,776,23.52,312,9.45,2392,72.5,2,188,5.7,247,748,33.02,801,278,34.7,7.5,0.2,369,11.18,361,10.9,17,16,51.5
Clemson,34,2540,74.7,485,376,1.29,14.3,525,15.44,107,3.1,0.541,233,6.85,899,1923,46.75,798,1970,40.508,589,17.3,6,460,586,17.2,78.5,1196,35.2,1128,33.2,2,944,27.76,252,7.41,2308,67.9,6,175,5.1,282,775,36.39,804,267,33.2,8.3,0.2,383,11.26,376,11.1,23,11,67.6
Liberty,36,2689,74.7,580,373,1.55,16.1,790,21.94,82,2.3,0.566,197,5.47,963,2032,47.39,792,1891,41.883,540,15.0,5,387,532,14.8,72.74,1219,33.9,1089,30.2,3,923,25.64,296,8.22,2194,60.9,13,226,6.3,376,1007,37.34,689,230,33.4,10.4,2.6,468,13.0,373,10.4,27,9,75.0
Akron,33,2463,74.6,443,370,1.2,13.4,454,13.76,87,2.6,0.524,295,8.94,844,1898,44.47,802,1873,42.819,529,16.0,13,475,643,19.5,73.87,1178,35.7,1081,32.8,2,843,25.55,335,10.15,2209,66.9,7,199,6.0,300,845,35.5,669,229,34.2,9.1,1.1,407,12.33,370,11.2,22,11,66.7
Northwestern St.,33,2463,74.6,415,393,1.06,12.6,568,17.21,79,2.4,0.513,313,9.48,900,2024,44.47,826,1819,45.41,605,18.3,13,385,547,16.6,70.38,1114,33.8,1180,35.8,-2,714,21.64,400,12.12,2378,72.1,2,273,8.3,278,770,36.1,614,204,33.2,8.4,2.9,489,14.82,393,11.9,22,11,66.7
SIUE,33,2463,74.6,407,421,0.97,12.3,635,19.24,141,4.3,0.497,395,11.97,834,1917,43.51,823,1936,42.51,576,17.5,17,559,767,23.2,72.88,1222,37.0,1171,35.5,1,850,25.76,372,11.27,2353,71.3,3,228,6.9,236,718,32.87,699,235,33.6,7.2,0.9,452,13.7,421,12.8,19,14,57.6
High Point,31,2312,74.6,383,438,0.87,12.4,636,20.52,152,4.9,0.507,482,15.55,813,1834,44.33,856,1942,44.078,573,18.5,11,452,722,23.3,62.6,1179,38.0,1174,37.9,0,817,26.35,362,11.68,2392,77.2,-2,203,6.5,234,720,32.5,749,242,32.3,7.5,-1.8,383,12.35,438,14.1,14,17,45.2
Kentucky,34,2532,74.5,512,400,1.28,15.1,588,17.29,125,3.7,0.506,359,10.56,929,2045,45.43,827,1929,42.872,545,16.0,10,461,653,19.2,70.6,1339,39.4,1022,30.1,9,867,25.5,472,13.88,2305,67.8,6,219,6.4,213,613,34.75,685,222,32.4,6.3,-0.6,379,11.15,400,11.8,22,12,64.7
UNC Asheville,35,2604,74.4,446,496,0.9,12.7,595,17.0,140,4.0,0.547,357,10.2,897,1890,47.46,901,2125,42.4,542,15.5,13,536,772,22.1,69.43,1219,34.8,1196,34.2,0,924,26.4,295,8.43,2418,69.1,5,221,6.3,274,707,38.76,731,217,29.7,7.8,-1.4,446,12.74,496,14.2,27,8,77.1
UMBC,32,2378,74.3,456,323,1.41,14.2,838,26.19,81,2.5,0.517,252,7.88,869,1931,45.0,851,1881,45.242,467,14.6,3,383,511,16.0,74.95,1093,34.2,1113,34.8,0,796,24.88,297,9.28,2328,72.8,1,180,5.6,257,754,34.08,721,272,37.7,8.0,1.5,370,11.56,323,10.1,18,14,56.2
Illinois,33,2452,74.3,409,426,0.96,12.4,636,19.27,186,5.6,0.514,310,9.39,874,1946,44.91,804,1934,41.572,559,16.9,12,453,667,20.2,67.92,1248,37.8,1115,33.8,4,882,26.73,366,11.09,2216,67.2,7,229,6.9,251,815,30.8,589,197,33.4,7.6,0.1,429,13.0,426,12.9,20,13,60.6
UNLV,32,2376,74.2,411,394,1.04,12.8,711,22.22,122,3.8,0.501,380,11.88,819,1895,43.22,779,1781,43.739,547,17.1,16,476,658,20.6,72.34,1081,33.8,1167,36.5,-2,746,23.31,335,10.47,2241,70.0,4,291,9.1,262,751,34.89,792,283,35.7,8.2,5.2,562,17.56,394,12.3,19,13,59.4
Virginia Tech,34,2521,74.1,528,336,1.57,15.5,433,12.74,107,3.1,0.54,181,5.32,931,1983,46.95,892,2000,44.6,526,15.5,5,378,514,15.1,73.54,1131,33.3,1148,33.8,0,843,24.79,288,8.47,2383,70.1,4,177,5.2,281,786,35.75,712,242,34.0,8.3,1.0,371,10.91,336,9.9,19,15,55.9
UCLA,37,2743,74.1,538,371,1.45,14.5,471,12.73,142,3.8,0.511,434,11.73,1033,2245,46.01,812,1992,40.763,573,15.5,9,450,616,16.6,73.05,1307,35.3,1198,32.4,2,889,24.03,418,11.3,2245,60.7,13,310,8.4,227,651,34.87,772,240,31.1,6.1,5.6,580,15.68,371,10.0,31,6,83.8
Syracuse,32,2372,74.1,459,373,1.23,14.3,417,13.03,161,5.0,0.515,321,10.03,871,1883,46.26,851,1984,42.893,427,13.3,10,432,577,18.0,74.87,1113,34.8,1159,36.2,-1,789,24.66,324,10.12,2333,72.9,1,241,7.5,198,547,36.2,958,329,34.3,6.2,1.2,412,12.88,373,11.7,17,15,53.1
North Ala.,33,2446,74.1,378,373,1.01,11.5,734,22.24,101,3.1,0.522,398,12.06,892,1949,45.77,878,1988,44.165,552,16.7,14,410,578,17.5,70.93,1145,34.7,1184,35.9,-1,863,26.15,282,8.55,2452,74.3,0,193,5.8,252,682,36.95,722,264,36.6,7.6,-0.0,372,11.27,373,11.3,18,15,54.5
Arkansas,36,2666,74.1,462,458,1.01,12.8,713,19.81,182,5.1,0.509,420,11.67,961,2063,46.58,847,1996,42.435,694,19.3,25,565,810,22.5,69.75,1272,35.3,1189,33.0,2,899,24.97,373,10.36,2446,67.9,6,302,8.4,179,572,31.29,608,189,31.1,5.0,1.7,519,14.42,458,12.7,22,14,61.1
Montana St.,35,2588,73.9,438,415,1.06,12.5,818,23.37,104,3.0,0.526,357,10.2,879,1876,46.86,815,1885,43.236,641,18.3,9,614,814,23.3,75.43,1154,33.0,1074,30.7,2,863,24.66,291,8.31,2342,66.9,7,229,6.5,216,642,33.64,654,222,33.9,6.2,1.8,479,13.69,415,11.9,25,10,71.4
Western Caro.,34,2513,73.9,428,365,1.17,12.6,521,15.32,88,2.6,0.504,339,9.97,871,2015,43.23,871,1987,43.835,588,17.3,11,482,674,19.8,71.51,1256,36.9,1189,35.0,1,921,27.09,335,9.85,2405,70.7,3,183,5.4,289,849,34.04,605,197,32.6,8.5,0.1,368,10.82,365,10.7,18,16,52.9
Purdue Fort Wayne,32,2364,73.9,418,421,0.99,13.1,636,19.88,74,2.3,0.519,300,9.38,836,1906,43.86,847,1909,44.369,467,14.6,3,384,545,17.0,70.46,1139,35.6,1107,34.6,1,821,25.66,318,9.94,2234,69.8,4,235,7.3,308,891,34.57,754,228,30.2,9.6,-0.2,414,12.94,421,13.2,17,15,53.1
Southern Miss.,33,2436,73.8,489,403,1.21,14.8,560,16.97,87,2.6,0.514,331,10.03,881,1937,45.48,778,1874,41.515,545,16.5,6,444,622,18.8,71.38,1203,36.5,1119,33.9,2,837,25.36,366,11.09,2182,66.1,7,276,8.4,230,714,32.21,709,225,31.7,7.0,2.4,481,14.58,403,12.2,25,8,75.8
Winthrop,32,2360,73.8,366,447,0.82,11.4,534,16.69,98,3.1,0.556,229,7.16,787,1671,47.1,888,1890,46.984,538,16.8,19,503,681,21.3,73.86,993,31.0,1089,34.0,-3,733,22.91,260,8.12,2382,74.4,0,164,5.1,283,757,37.38,721,253,35.1,8.8,-1.8,388,12.12,447,14.0,15,17,46.9
Northern Ariz.,35,2581,73.7,484,378,1.28,13.8,627,17.91,53,1.5,0.508,320,9.14,930,2123,43.81,905,1917,47.209,649,18.5,16,426,576,16.5,73.96,1189,34.0,1190,34.0,0,835,23.86,354,10.11,2615,74.7,0,185,5.3,295,815,36.2,739,261,35.3,8.4,1.3,424,12.11,378,10.8,12,23,34.3
New Mexico St.,24,1769,73.7,291,305,0.95,12.1,605,25.21,55,2.3,0.506,241,10.04,631,1426,44.25,584,1369,42.659,453,18.9,10,326,479,20.0,68.06,852,35.5,806,33.6,1,606,25.25,246,10.25,1720,71.7,2,176,7.3,181,534,33.9,618,213,34.5,7.5,1.2,333,13.88,305,12.7,9,15,37.5
Tennessee Tech,33,2432,73.7,476,416,1.14,14.4,748,22.67,80,2.4,0.514,352,10.67,860,1967,43.72,888,2026,43.83,527,16.0,10,410,570,17.3,71.93,1159,35.1,1237,37.5,-2,849,25.73,310,9.39,2421,73.4,0,207,6.3,302,829,36.43,793,260,32.8,9.2,0.6,437,13.24,416,12.6,16,17,48.5
Miami (OH),32,2357,73.7,440,436,1.01,13.8,457,14.28,94,2.9,0.526,278,8.69,830,1817,45.68,840,1819,46.179,583,18.2,16,447,568,17.8,78.7,1022,31.9,1086,33.9,-2,735,22.97,287,8.97,2385,74.5,0,195,6.1,250,736,33.97,664,229,34.5,7.8,-0.3,426,13.31,436,13.6,12,20,37.5
Northern Colo.,32,2355,73.6,363,382,0.95,11.3,459,14.34,54,1.7,0.52,318,9.94,826,1843,44.82,911,1922,47.399,596,18.6,22,438,588,18.4,74.49,1068,33.4,1118,34.9,-1,805,25.16,263,8.22,2480,77.5,-3,147,4.6,265,741,35.76,639,211,33.0,8.3,-2.2,313,9.78,382,11.9,12,20,37.5
South Carolina St.,31,2274,73.4,435,486,0.9,14.0,1077,34.74,100,3.2,0.477,298,9.61,838,1980,42.32,890,1785,49.86,637,20.5,10,385,575,18.5,66.96,1097,35.4,1152,37.2,-1,668,21.55,429,13.84,2599,83.8,-10,224,7.2,213,671,31.74,652,259,39.7,6.9,-0.0,485,15.65,486,15.7,5,26,16.1
Michigan,34,2494,73.4,414,356,1.16,12.2,418,12.29,157,4.6,0.516,208,6.12,898,1994,45.04,885,2081,42.528,527,15.5,9,437,615,18.1,71.06,1248,36.7,1200,35.3,1,948,27.88,300,8.82,2367,69.6,3,158,4.6,261,744,35.08,703,223,31.7,7.7,-0.5,338,9.94,356,10.5,18,16,52.9
Oakland,32,2347,73.3,384,339,1.13,12.0,330,10.31,84,2.6,0.496,347,10.84,823,1892,43.5,912,1949,46.793,448,14.0,9,469,604,18.9,77.65,977,30.5,1174,36.7,-6,709,22.16,268,8.38,2442,76.3,-2,239,7.5,232,753,30.81,769,283,36.8,7.2,3.1,438,13.69,339,10.6,13,19,40.6
Texas Tech,32,2347,73.3,413,441,0.94,12.9,523,16.34,93,2.9,0.523,331,10.34,831,1810,45.91,785,1872,41.934,494,15.4,4,455,630,19.7,72.22,1125,35.2,1049,32.8,2,791,24.72,334,10.44,2208,69.0,4,234,7.3,230,666,34.53,802,260,32.4,7.2,0.1,443,13.84,441,13.8,16,16,50.0
Coastal Carolina,31,2273,73.3,383,379,1.01,12.4,755,24.35,99,3.2,0.493,371,11.97,816,1880,43.4,808,1893,42.684,497,16.0,9,418,533,17.2,78.42,1153,37.2,1098,35.4,1,804,25.94,349,11.26,2294,74.0,0,188,6.1,223,705,31.63,859,305,35.5,7.2,-0.7,358,11.55,379,12.2,11,20,35.5
Longwood,32,2341,73.2,398,380,1.05,12.4,872,27.25,70,2.2,0.518,283,8.84,831,1837,45.24,737,1693,43.532,531,16.6,8,438,607,19.0,72.16,1111,34.7,1009,31.5,3,754,23.56,357,11.16,2119,66.2,6,206,6.4,241,685,35.18,722,251,34.8,7.5,2.6,462,14.44,380,11.9,20,12,62.5
Troy,33,2414,73.2,447,424,1.05,13.5,805,24.39,86,2.6,0.507,431,13.06,858,1945,44.11,770,1814,42.448,559,16.9,11,443,632,19.2,70.09,1151,34.9,1137,34.5,0,789,23.91,362,10.97,2204,66.8,6,288,8.7,255,798,31.95,648,207,31.9,7.7,2.7,513,15.55,424,12.8,20,13,60.6
New Orleans,32,2340,73.1,466,547,0.85,14.6,700,21.88,70,2.2,0.522,314,9.81,833,1785,46.67,881,1858,47.417,619,19.3,14,478,674,21.1,70.92,1032,32.2,1086,33.9,-1,723,22.59,309,9.66,2536,79.2,-6,215,6.7,196,519,37.76,677,245,36.2,6.1,-1.9,486,15.19,547,17.1,12,20,37.5
FIU,32,2339,73.1,397,473,0.84,12.4,685,21.41,128,4.0,0.525,396,12.38,867,1861,46.59,848,1907,44.468,547,17.1,9,386,541,16.9,71.35,1008,31.5,1217,38.0,-6,733,22.91,275,8.59,2404,75.1,-2,290,9.1,219,671,32.64,765,278,36.3,6.8,1.7,528,16.5,473,14.8,14,18,43.8
Army West Point,33,2412,73.1,432,427,1.01,13.1,535,16.21,70,2.1,0.546,249,7.55,885,1853,47.76,852,1909,44.631,532,16.1,6,390,570,17.3,68.42,1132,34.3,1002,30.4,3,852,25.82,280,8.48,2322,70.4,2,168,5.1,252,718,35.1,733,243,33.2,7.6,-2.2,356,10.79,427,12.9,17,16,51.5
Western Ill.,30,2191,73.0,410,322,1.27,13.7,335,11.17,107,3.6,0.513,259,8.63,795,1755,45.3,822,1782,46.128,434,14.5,7,392,560,18.7,70.0,1034,34.5,1039,34.6,0,750,25.0,284,9.47,2171,72.4,0,174,5.8,209,652,32.06,590,192,32.5,7.0,1.0,353,11.77,322,10.7,16,14,53.3
Saint Francis (PA),31,2263,73.0,430,391,1.1,13.9,489,15.77,64,2.1,0.53,218,7.03,813,1760,46.19,843,1868,45.128,510,16.5,6,397,564,18.2,70.39,1037,33.5,1062,34.3,0,772,24.9,265,8.55,2286,73.7,0,137,4.4,240,633,37.91,660,218,33.0,7.7,-2.0,329,10.61,391,12.6,13,18,41.9
Idaho,32,2335,73.0,381,362,1.05,11.9,475,14.84,57,1.8,0.534,226,7.06,824,1747,47.17,848,1805,46.981,539,16.8,10,470,617,19.3,76.18,979,30.6,1063,33.2,-2,757,23.66,222,6.94,2332,72.9,0,164,5.1,217,638,34.01,586,222,37.9,6.8,0.2,368,11.5,362,11.3,10,22,31.2
Quinnipiac,32,2335,73.0,419,404,1.04,13.1,755,23.59,82,2.6,0.502,242,7.56,826,1908,43.29,822,1941,42.349,525,16.4,8,420,630,19.7,66.67,1197,37.4,1092,34.1,3,832,26.0,365,11.41,2231,69.7,3,196,6.1,263,725,36.28,710,225,31.7,8.2,-0.8,377,11.78,404,12.6,20,12,62.5
Central Ark.,31,2261,72.9,384,413,0.93,12.4,507,16.35,98,3.2,0.478,308,9.94,818,1987,41.17,923,1963,47.02,508,16.4,9,361,482,15.5,74.9,1128,36.4,1210,39.0,-2,781,25.19,347,11.19,2527,81.5,-8,202,6.5,264,818,32.27,769,279,36.3,8.5,-0.9,385,12.42,413,13.3,9,22,29.0
North Dakota St.,33,2404,72.8,370,379,0.98,11.2,597,18.09,98,3.0,0.52,168,5.09,866,1904,45.48,884,2006,44.068,509,15.4,7,425,597,18.1,71.19,1191,36.1,1095,33.2,2,910,27.58,281,8.52,2414,73.2,0,130,3.9,247,735,33.61,719,243,33.8,7.5,-2.5,295,8.94,379,11.5,16,17,48.5
Texas A&M,35,2549,72.8,439,430,1.02,12.5,608,17.37,82,2.3,0.488,309,8.83,835,1932,43.22,783,1924,40.696,637,18.2,15,662,872,24.9,75.92,1288,36.8,1122,32.1,4,853,24.37,435,12.43,2327,66.5,6,235,6.7,217,666,32.58,880,290,33.0,6.2,1.7,490,14.0,430,12.3,25,10,71.4
Auburn,34,2474,72.8,479,414,1.16,14.1,759,22.32,172,5.1,0.495,388,11.41,875,1991,43.95,788,1935,40.724,655,19.3,12,503,723,21.3,69.57,1231,36.2,1211,35.6,0,835,24.56,396,11.65,2302,67.7,5,263,7.7,221,701,31.53,667,192,28.8,6.5,0.8,442,13.0,414,12.2,21,13,61.8
Vermont,34,2471,72.7,465,318,1.46,13.7,751,22.09,98,2.9,0.551,208,6.12,901,1901,47.4,835,1866,44.748,504,14.8,8,377,541,15.9,69.69,1065,31.3,1103,32.4,-1,845,24.85,220,6.47,2276,66.9,5,200,5.9,292,816,35.78,687,246,35.8,8.6,2.1,389,11.44,318,9.4,23,11,67.6
Purdue,35,2543,72.7,542,388,1.4,15.5,660,18.86,129,3.7,0.518,183,5.23,884,1936,45.66,842,2024,41.601,479,13.7,0,536,720,20.6,74.44,1354,38.7,975,27.9,10,924,26.4,430,12.29,2196,62.7,9,166,4.7,239,743,32.17,717,225,31.4,6.8,-1.1,348,9.94,388,11.1,29,6,82.9
Denver,32,2325,72.7,363,479,0.76,11.3,505,15.78,98,3.1,0.529,291,9.09,835,1716,48.66,871,1950,44.667,544,17.0,8,511,713,22.3,71.67,1126,35.2,995,31.1,4,836,26.12,290,9.06,2402,75.1,-2,177,5.5,144,442,32.58,785,263,33.5,4.5,-3.8,359,11.22,479,15.0,15,17,46.9
Nevada,33,2397,72.6,474,339,1.4,14.4,480,14.55,100,3.0,0.512,210,6.36,799,1794,44.54,781,1836,42.538,592,17.9,12,561,708,21.5,79.24,1101,33.4,1107,33.5,0,856,25.94,245,7.42,2238,67.8,4,197,6.0,238,678,35.1,779,255,32.7,7.2,2.2,413,12.52,339,10.3,22,11,66.7
Charleston So.,31,2251,72.6,373,365,1.02,12.0,715,23.06,81,2.6,0.511,316,10.19,819,1850,44.27,803,1747,45.965,562,18.1,14,362,498,16.1,72.69,1091,35.2,1048,33.8,1,731,23.58,360,11.61,2305,74.4,-1,157,5.1,251,731,34.34,704,253,35.9,8.1,-0.5,350,11.29,365,11.8,10,21,32.3
Ohio St.,35,2538,72.5,410,375,1.09,11.7,685,19.57,132,3.8,0.52,224,6.4,948,2052,46.2,879,2046,42.962,573,16.4,14,403,545,15.6,73.94,1257,35.9,1159,33.1,2,887,25.34,370,10.57,2414,69.0,3,181,5.2,239,650,36.77,751,241,32.1,6.8,-0.2,369,10.54,375,10.7,16,19,45.7
Colorado St.,33,2391,72.5,545,368,1.48,16.5,574,17.39,81,2.5,0.558,271,8.21,873,1790,48.77,827,1859,44.486,537,16.3,5,394,529,16.0,74.48,1014,30.7,1093,33.1,-2,817,24.76,197,5.97,2355,71.4,1,187,5.7,251,689,36.43,809,295,36.5,7.6,1.0,400,12.12,368,11.2,15,18,45.5
UC Riverside,34,2463,72.4,450,417,1.08,13.2,583,17.15,61,1.8,0.512,203,5.97,906,2047,44.26,841,1848,45.509,629,18.5,16,367,526,15.5,69.77,1251,36.8,1078,31.7,5,861,25.32,390,11.47,2352,69.2,3,175,5.1,284,784,36.22,537,180,33.5,8.4,-0.3,406,11.94,417,12.3,22,12,64.7
Southern California,33,2389,72.4,445,410,1.09,13.5,501,15.18,167,5.1,0.512,351,10.64,855,1878,45.53,776,1977,39.251,568,17.2,15,465,624,18.9,74.52,1164,35.3,1181,35.8,0,854,25.88,310,9.39,2224,67.4,5,227,6.9,214,620,34.52,733,245,33.4,6.5,-0.1,406,12.3,410,12.4,22,11,66.7
Saint Joseph's,33,2388,72.4,399,421,0.95,12.1,400,12.12,107,3.2,0.502,281,8.52,818,1920,42.6,834,1923,43.37,578,17.5,18,462,657,19.9,70.32,1142,34.6,1195,36.2,-1,800,24.24,342,10.36,2389,72.4,0,216,6.5,290,882,32.88,810,276,34.1,8.8,0.5,437,13.24,421,12.8,16,17,48.5
Penn St.,37,2673,72.2,508,332,1.53,13.7,562,15.19,79,2.1,0.554,226,6.11,978,2111,46.33,933,2171,42.976,572,15.5,7,332,449,12.1,73.94,1205,32.6,1293,34.9,-2,978,26.43,227,6.14,2524,68.2,4,161,4.4,385,995,38.69,816,267,32.7,10.4,-0.4,317,8.57,332,9.0,23,14,62.2
Eastern Mich.,31,2239,72.2,299,367,0.81,9.6,514,16.58,67,2.2,0.492,233,7.52,803,1827,43.95,894,1846,48.429,587,18.9,16,441,575,18.5,76.7,974,31.4,1150,37.1,-5,704,22.71,270,8.71,2505,80.8,-8,194,6.3,192,608,31.58,767,262,34.2,6.2,0.5,384,12.39,367,11.8,8,23,25.8
Louisiana Tech,33,2383,72.2,408,451,0.9,12.4,714,21.64,87,2.6,0.515,287,8.7,854,1930,44.25,789,1771,44.551,570,17.3,15,394,546,16.5,72.16,1145,34.7,1077,32.6,2,786,23.82,359,10.88,2320,70.3,1,260,7.9,281,814,34.52,752,279,37.1,8.5,1.5,502,15.21,451,13.7,15,18,45.5
Sam Houston,34,2454,72.2,460,446,1.03,13.5,957,28.15,76,2.2,0.527,396,11.65,894,1961,45.59,667,1704,39.143,606,17.8,8,389,575,16.9,67.65,1250,36.8,1040,30.6,6,862,25.35,388,11.41,2015,59.3,12,279,8.2,277,731,37.89,795,262,33.0,8.1,3.5,564,16.59,446,13.1,26,8,76.5
North Dakota,33,2380,72.1,394,378,1.04,11.9,817,24.76,88,2.7,0.519,218,6.61,858,1945,44.11,916,1948,47.023,522,15.8,7,360,527,16.0,68.31,1101,33.4,1160,35.2,-1,797,24.15,304,9.21,2438,73.9,-1,146,4.4,304,868,35.02,618,217,35.1,9.2,-0.5,360,10.91,378,11.5,13,20,39.4
Boise St.,34,2451,72.1,385,379,1.02,11.3,360,10.59,97,2.9,0.521,259,7.62,878,1938,45.3,802,1933,41.49,555,16.3,11,430,587,17.3,73.25,1215,35.7,1096,32.2,3,908,26.71,307,9.03,2198,64.6,7,171,5.0,265,733,36.15,717,223,31.1,7.8,0.6,401,11.79,379,11.1,24,10,70.6
UNC Greensboro,32,2306,72.1,465,376,1.24,14.5,686,21.44,83,2.6,0.515,318,9.94,816,1831,44.57,728,1799,40.467,535,16.7,9,420,587,18.3,71.55,1180,36.9,1065,33.3,3,850,26.56,330,10.31,2064,64.5,7,228,7.1,254,718,35.38,740,236,31.9,7.9,1.5,425,13.28,376,11.8,20,12,62.5
Duke,36,2592,72.0,526,432,1.22,14.6,680,18.89,163,4.5,0.511,314,8.72,936,2072,45.17,844,2079,40.596,549,15.2,8,475,620,17.2,76.61,1392,38.7,1108,30.8,7,960,26.67,432,12.0,2290,63.6,8,204,5.7,245,731,33.52,741,226,30.5,6.8,-1.1,391,10.86,432,12.0,27,9,75.0
Fordham,33,2376,72.0,418,446,0.94,12.7,592,17.94,160,4.8,0.486,272,8.24,797,1901,41.93,774,1841,42.042,647,19.6,12,530,715,21.7,74.13,1219,36.9,1127,34.2,2,863,26.15,356,10.79,2231,67.6,4,238,7.2,252,792,31.82,562,180,32.0,7.6,0.1,448,13.58,446,13.5,25,8,75.8
Coppin St.,32,2304,72.0,360,477,0.75,11.2,614,19.19,81,2.5,0.51,353,11.03,779,1791,43.5,937,2029,46.18,629,19.7,15,478,665,20.8,71.88,974,30.4,1325,41.4,-10,767,23.97,207,6.47,2661,83.2,-11,246,7.7,268,794,33.75,839,285,34.0,8.4,-1.2,440,13.75,477,14.9,9,23,28.1
NIU,32,2304,72.0,402,458,0.88,12.6,506,15.81,74,2.3,0.526,354,11.06,837,1816,46.09,852,1895,44.96,617,19.3,24,394,604,18.9,65.23,1060,33.1,1203,37.6,-4,781,24.41,279,8.72,2401,75.0,-3,207,6.5,236,678,34.81,698,229,32.8,7.4,-0.8,433,13.53,458,14.3,13,19,40.6
Seattle U,32,2303,72.0,381,382,1.0,11.9,574,17.94,99,3.1,0.473,240,7.5,786,1953,40.25,791,1847,42.826,581,18.2,14,456,635,19.8,71.81,1186,37.1,1125,35.2,1,827,25.84,359,11.22,2209,69.0,2,196,6.1,275,870,31.61,643,207,32.2,8.6,1.2,422,13.19,382,11.9,20,12,62.5
South Fla.,32,2303,72.0,429,437,0.98,13.4,681,21.28,98,3.1,0.508,359,11.22,844,1894,44.56,783,1818,43.069,568,17.8,9,379,582,18.2,65.12,1197,37.4,1087,34.0,3,816,25.5,381,11.91,2303,72.0,0,207,6.5,236,703,33.57,702,245,34.9,7.4,-0.6,418,13.06,437,13.7,14,18,43.8
Vanderbilt,37,2661,71.9,429,399,1.08,11.6,965,26.08,168,4.5,0.496,243,6.57,930,2187,42.52,954,2219,42.992,604,16.3,5,491,690,18.6,71.16,1340,36.2,1368,37.0,0,923,24.95,417,11.27,2645,71.5,0,187,5.1,310,922,33.62,799,248,31.0,8.4,-0.5,381,10.3,399,10.8,22,15,59.5
Southern U.,32,2300,71.9,451,468,0.96,14.1,852,26.62,75,2.3,0.495,430,13.44,804,1872,42.95,766,1741,43.998,639,20.0,13,448,627,19.6,71.45,1037,32.4,1136,35.5,-3,756,23.62,281,8.78,2280,71.2,0,278,8.7,244,737,33.11,722,239,33.1,7.6,2.6,552,17.25,468,14.6,15,17,46.9
Cleveland St.,35,2512,71.8,465,406,1.15,13.3,683,19.51,119,3.4,0.496,387,11.06,958,2110,45.4,857,2022,42.384,582,16.6,6,418,614,17.5,68.08,1242,35.5,1246,35.6,0,804,22.97,438,12.51,2405,68.7,3,242,6.9,178,580,30.69,764,244,31.9,5.1,2.3,488,13.94,406,11.6,21,14,60.0
Towson,33,2368,71.8,461,404,1.14,14.0,497,15.06,113,3.4,0.511,252,7.64,860,1922,44.75,774,1845,41.951,538,16.3,8,405,572,17.3,70.8,1232,37.3,1033,31.3,6,825,25.0,407,12.33,2202,66.7,5,205,6.2,243,663,36.65,737,245,33.2,7.4,-0.5,388,11.76,404,12.2,21,12,63.6
UC Santa Barbara,35,2510,71.7,495,397,1.25,14.1,523,14.94,87,2.5,0.545,315,9.0,924,1875,49.28,845,1902,44.427,562,16.1,12,468,644,18.4,72.67,1113,31.8,1057,30.2,1,834,23.83,279,7.97,2305,65.9,5,222,6.3,194,555,34.95,599,206,34.4,5.5,0.9,430,12.29,397,11.3,27,8,77.1
UCF,34,2432,71.5,469,452,1.04,13.8,606,17.82,129,3.8,0.503,302,8.88,848,1980,42.83,779,1855,41.995,566,16.6,14,441,572,16.8,77.1,1190,35.0,1130,33.2,1,797,23.44,393,11.56,2228,65.5,6,261,7.7,295,835,35.33,720,221,30.7,8.7,1.5,504,14.82,452,13.3,19,15,55.9
Western Ky.,33,2355,71.4,416,383,1.09,12.6,573,17.36,173,5.2,0.505,314,9.52,839,1907,44.0,842,2006,41.974,489,14.8,8,428,601,18.2,71.21,1152,34.9,1232,37.3,-2,852,25.82,300,9.09,2330,70.6,0,204,6.2,249,695,35.83,850,303,35.6,7.5,1.0,415,12.58,383,11.6,17,16,51.5
Dartmouth,28,1998,71.4,360,404,0.89,12.9,743,26.54,113,4.0,0.512,202,7.21,719,1626,44.22,736,1669,44.098,476,17.0,13,332,475,17.0,69.89,976,34.9,993,35.5,0,740,26.43,236,8.43,2027,72.4,-1,153,5.5,228,685,33.28,580,192,33.1,8.1,-2.1,346,12.36,404,14.4,10,18,35.7
FGCU,32,2280,71.2,409,365,1.12,12.8,643,20.09,104,3.2,0.517,345,10.78,805,1844,43.66,804,1848,43.506,497,15.5,7,375,507,15.8,73.96,1107,34.6,1125,35.2,0,806,25.19,301,9.41,2222,69.4,1,219,6.8,295,832,35.46,764,255,33.4,9.2,0.4,377,11.78,365,11.4,17,15,53.1
Florida,33,2351,71.2,406,371,1.09,12.3,663,20.09,171,5.2,0.494,309,9.36,830,1904,43.59,830,2002,41.459,533,16.2,12,471,657,19.9,71.69,1143,34.6,1274,38.6,-3,865,26.21,278,8.42,2264,68.6,2,225,6.8,220,701,31.38,608,192,31.6,6.7,1.2,412,12.48,371,11.2,16,17,48.5
DePaul,33,2349,71.2,457,427,1.07,13.8,632,19.15,156,4.7,0.497,341,10.33,838,1961,42.73,903,1984,45.514,604,18.3,23,400,541,16.4,73.94,1070,32.4,1273,38.6,-6,765,23.18,305,9.24,2551,77.3,-6,211,6.4,273,742,36.79,689,241,35.0,8.3,-0.4,415,12.58,427,12.9,10,23,30.3
San Diego St.,39,2775,71.2,504,452,1.12,12.9,1007,25.82,151,3.9,0.498,344,8.82,986,2251,43.8,878,2146,40.913,634,16.3,9,532,737,18.9,72.18,1416,36.3,1255,32.2,4,990,25.38,426,10.92,2475,63.5,7,262,6.7,271,778,34.83,857,243,28.4,6.9,1.3,503,12.9,452,11.6,32,7,82.1
Arizona St.,36,2559,71.1,515,422,1.22,14.3,622,17.28,170,4.7,0.484,438,12.17,910,2163,42.07,836,2096,39.885,668,18.6,13,465,675,18.8,68.89,1315,36.5,1382,38.4,-1,920,25.56,395,10.97,2447,68.0,3,255,7.1,274,851,32.2,818,279,34.1,7.6,2.3,505,14.03,422,11.7,23,13,63.9
Wichita St.,32,2272,71.0,426,401,1.06,13.3,590,18.44,129,4.0,0.507,332,10.38,827,1839,44.97,784,1931,40.601,478,14.9,10,406,567,17.7,71.6,1163,36.3,1094,34.2,2,851,26.59,312,9.75,2191,68.5,2,203,6.3,212,685,30.95,788,265,33.6,6.6,-0.9,373,11.66,401,12.5,17,15,53.1
South Alabama,35,2483,70.9,399,342,1.17,11.4,515,14.71,151,4.3,0.534,228,6.51,955,2036,46.91,853,2032,41.978,512,14.6,5,307,447,12.8,68.68,1143,32.7,1253,35.8,-3,901,25.74,242,6.91,2282,65.2,5,212,6.1,266,770,34.55,581,171,29.4,7.6,1.2,384,10.97,342,9.8,19,16,54.3
South Dakota St.,32,2270,70.9,341,371,0.92,10.7,444,13.88,92,2.9,0.518,215,6.72,812,1805,44.99,826,1880,43.936,456,14.2,9,400,505,15.8,79.21,1040,32.5,1092,34.1,-1,817,25.53,223,6.97,2233,69.8,1,166,5.2,246,700,35.14,768,254,33.1,7.7,0.3,381,11.91,371,11.6,19,13,59.4
Michigan St.,34,2411,70.9,497,370,1.34,14.6,465,13.68,102,3.0,0.517,312,9.18,879,1944,45.22,834,1968,42.378,557,16.4,4,401,528,15.5,75.95,1213,35.7,1110,32.6,3,906,26.65,307,9.03,2309,67.9,3,160,4.7,252,642,39.25,757,245,32.4,7.4,-1.1,333,9.79,370,10.9,21,13,61.8
VCU,35,2480,70.9,456,468,0.97,13.0,683,19.51,160,4.6,0.52,334,9.54,864,1867,46.28,789,1903,41.461,575,16.4,11,540,776,22.2,69.59,1161,33.2,1157,33.1,0,837,23.91,324,9.26,2202,62.9,7,311,8.9,212,610,34.75,649,207,31.9,6.1,3.0,572,16.34,468,13.4,27,8,77.1
UIW,31,2194,70.8,382,426,0.9,12.3,658,21.23,88,2.8,0.497,359,11.58,776,1756,44.19,832,1759,47.3,532,17.2,10,448,599,19.3,74.79,976,31.5,1087,35.1,-3,692,22.32,284,9.16,2290,73.9,-3,259,8.4,194,557,34.83,600,214,35.7,6.3,0.9,455,14.68,426,13.7,12,19,38.7
Tennessee,36,2547,70.8,601,431,1.39,16.7,793,22.03,130,3.6,0.499,225,6.25,908,2097,43.3,707,1895,37.309,596,16.6,7,455,643,17.9,70.76,1382,38.4,1147,31.9,6,918,25.5,464,12.89,2084,57.9,12,297,8.2,276,840,32.86,792,210,26.5,7.7,2.7,528,14.67,431,12.0,25,11,69.4
N.C. A&T,32,2264,70.8,375,385,0.97,11.7,639,19.97,98,3.1,0.485,414,12.94,806,1931,41.74,853,1965,43.41,547,17.1,6,391,574,17.9,68.12,1136,35.5,1258,39.3,-3,836,26.12,300,9.38,2362,73.8,-3,240,7.5,261,785,33.25,734,243,33.1,8.2,0.2,393,12.28,385,12.0,13,19,40.6
Gardner-Webb,31,2192,70.7,399,403,0.99,12.9,700,22.58,146,4.7,0.523,256,8.26,813,1741,46.7,678,1639,41.367,594,19.2,8,370,592,19.1,62.5,1097,35.4,985,31.8,3,787,25.39,310,10.0,2032,65.5,5,222,7.2,196,583,33.62,618,208,33.7,6.3,1.1,438,14.13,403,13.0,15,16,48.4
Sacred Heart,33,2332,70.7,444,438,1.01,13.5,502,15.21,108,3.3,0.489,401,12.15,864,2002,43.16,866,1973,43.893,502,15.2,3,375,553,16.8,67.81,1180,35.8,1226,37.2,-1,831,25.18,349,10.58,2351,71.2,0,259,7.8,229,731,31.33,729,246,33.7,6.9,0.8,463,14.03,438,13.3,16,17,48.5
Bradley,35,2473,70.7,465,409,1.14,13.3,733,20.94,136,3.9,0.53,302,8.63,917,1989,46.1,760,1875,40.533,565,16.1,7,363,546,15.6,66.48,1240,35.4,1107,31.6,3,899,25.69,341,9.74,2195,62.7,7,238,6.8,276,777,35.52,725,231,31.9,7.9,0.9,442,12.63,409,11.7,25,10,71.4
Saint Mary's (CA),35,2473,70.7,439,373,1.18,12.5,519,14.83,122,3.5,0.522,162,4.63,888,1952,45.49,753,1806,41.694,579,16.5,14,434,625,17.9,69.44,1236,35.3,1000,28.6,6,865,24.71,371,10.6,2105,60.1,10,239,6.8,263,720,36.53,577,191,33.1,7.5,1.8,436,12.46,373,10.7,27,8,77.1
Oregon,36,2542,70.6,477,440,1.08,13.2,654,18.17,175,4.9,0.511,297,8.25,916,2043,44.84,866,2119,40.868,529,14.7,4,454,653,18.1,69.53,1354,37.6,1165,32.4,5,957,26.58,397,11.03,2386,66.3,4,201,5.6,256,799,32.04,787,265,33.7,7.1,-1.2,395,10.97,440,12.2,21,15,58.3
Murray St.,32,2254,70.4,391,349,1.12,12.2,493,15.41,83,2.6,0.495,323,10.09,805,1824,44.13,854,1909,44.735,467,14.6,2,447,607,19.0,73.64,1111,34.7,1093,34.2,0,810,25.31,301,9.41,2305,72.0,-1,174,5.4,197,593,33.22,794,265,33.4,6.2,-0.1,347,10.84,349,10.9,17,15,53.1
Stanford,33,2321,70.3,490,413,1.19,14.8,743,22.52,106,3.2,0.524,242,7.33,838,1853,45.22,806,1819,44.31,557,16.9,5,378,545,16.5,69.36,1137,34.5,1041,31.5,2,795,24.09,342,10.36,2256,68.4,1,188,5.7,267,736,36.28,742,263,35.4,8.1,-0.4,400,12.12,413,12.5,14,19,42.4
Chicago St.,31,2180,70.3,379,422,0.9,12.2,390,12.58,83,2.7,0.505,413,13.32,760,1757,43.26,812,1783,45.541,561,18.1,15,404,555,17.9,72.79,1090,35.2,1037,33.5,1,725,23.39,365,11.77,2264,73.0,-2,175,5.6,256,755,33.91,680,234,34.4,8.3,-2.1,357,11.52,422,13.6,11,20,35.5
Canisius,30,2109,70.3,431,357,1.21,14.4,728,24.27,79,2.6,0.492,222,7.4,763,1809,42.18,815,1747,46.651,469,15.6,9,328,448,14.9,73.21,1008,33.6,1073,35.8,-2,695,23.17,313,10.43,2167,72.3,-1,168,5.6,255,734,34.74,554,203,36.6,8.5,1.3,395,13.17,357,11.9,10,20,33.3
App State,32,2248,70.2,417,352,1.18,13.0,725,22.66,146,4.6,0.507,281,8.78,819,1854,44.17,753,1870,40.267,442,13.8,3,367,543,17.0,67.59,1142,35.7,1152,36.0,0,854,26.69,288,9.0,2067,64.6,5,204,6.4,243,726,33.47,729,235,32.2,7.6,1.5,399,12.47,352,11.0,16,16,50.0
SMU,32,2248,70.2,436,413,1.06,13.6,479,14.97,108,3.4,0.474,309,9.66,810,1919,42.21,864,1908,45.283,556,17.4,6,427,634,19.8,67.35,1118,34.9,1201,37.5,-2,783,24.47,335,10.47,2418,75.6,-5,226,7.1,201,646,31.11,708,247,34.9,6.3,0.5,428,13.38,413,12.9,10,22,31.2
Rider,30,2105,70.2,341,345,0.99,11.4,565,18.83,67,2.2,0.497,259,8.63,793,1746,45.42,690,1625,42.462,548,18.3,11,369,502,16.7,73.51,1085,36.2,947,31.6,4,746,24.87,339,11.3,2027,67.6,2,161,5.4,150,449,33.41,699,249,35.6,5.0,-0.4,334,11.13,345,11.5,16,14,53.3
UNI,32,2244,70.1,372,385,0.97,11.6,505,15.78,45,1.4,0.52,230,7.19,810,1788,45.3,800,1783,44.868,498,15.6,15,386,554,17.3,69.68,1050,32.8,1054,32.9,0,806,25.19,244,7.62,2238,69.9,0,204,6.4,238,699,34.05,837,296,35.4,7.4,0.8,409,12.78,385,12.0,14,18,43.8
Middle Tenn.,33,2313,70.1,357,439,0.81,10.8,784,23.76,159,4.8,0.513,333,10.09,857,1892,45.3,789,1762,44.779,579,17.5,10,371,543,16.5,68.32,1109,33.6,1047,31.7,1,743,22.52,366,11.09,2236,67.8,2,249,7.5,228,674,33.83,600,213,35.5,6.9,1.6,492,14.91,439,13.3,19,14,57.6
Davidson,32,2236,69.9,420,347,1.21,13.1,489,15.28,41,1.3,0.503,224,7.0,785,1774,44.25,817,1843,44.33,485,15.2,4,450,602,18.8,74.75,1054,32.9,1109,34.7,-1,789,24.66,265,8.28,2197,68.7,1,172,5.4,216,664,32.53,678,221,32.6,6.8,0.8,371,11.59,347,10.8,16,16,50.0
Jacksonville St.,31,2166,69.9,381,410,0.93,12.3,590,19.03,74,2.4,0.521,220,7.1,747,1705,43.81,762,1749,43.568,510,16.5,7,391,559,18.0,69.95,1117,36.0,994,32.1,3,799,25.77,318,10.26,2178,70.3,0,172,5.5,281,747,37.62,828,287,34.7,9.1,-1.7,357,11.52,410,13.2,13,18,41.9
Western Mich.,31,2166,69.9,396,395,1.0,12.8,699,22.55,68,2.2,0.501,316,10.19,786,1820,43.19,820,1774,46.223,522,16.8,11,344,482,15.5,71.37,1146,37.0,1000,32.3,4,767,24.74,379,12.23,2295,74.0,-4,143,4.6,250,757,33.03,712,257,36.1,8.1,-2.9,305,9.84,395,12.7,8,23,25.8
Colorado,35,2445,69.9,454,463,0.98,13.0,723,20.66,128,3.7,0.49,364,10.4,894,2059,43.42,842,1982,42.482,566,16.2,3,428,616,17.6,69.48,1300,37.1,1175,33.6,3,912,26.06,388,11.09,2348,67.1,2,261,7.5,229,712,32.16,676,217,32.1,6.5,0.2,470,13.43,463,13.2,18,17,51.4
Campbell,34,2374,69.8,416,404,1.03,12.2,694,20.41,97,2.9,0.531,258,7.59,830,1777,46.71,834,1837,45.4,554,16.3,13,486,691,20.3,70.33,1066,31.4,1084,31.9,0,799,23.5,267,7.85,2329,68.5,1,212,6.2,228,683,33.38,763,263,34.5,6.7,0.5,420,12.35,404,11.9,16,18,47.1
La Salle,34,2374,69.8,408,427,0.96,12.0,891,26.21,110,3.2,0.485,266,7.82,863,2037,42.37,898,1996,44.99,606,17.8,10,400,577,17.0,69.32,1217,35.8,1239,36.4,0,833,24.5,384,11.29,2468,72.6,-2,229,6.7,248,726,34.16,696,240,34.5,7.3,-0.1,422,12.41,427,12.6,15,19,44.1
Morehead St.,34,2374,69.8,467,403,1.16,13.7,529,15.56,129,3.8,0.503,368,10.82,823,1889,43.57,846,1932,43.789,532,15.6,9,474,654,19.2,72.48,1212,35.6,1098,32.3,3,887,26.09,325,9.56,2266,66.6,3,193,5.7,254,730,34.79,618,194,31.4,7.5,-0.6,381,11.21,403,11.9,22,12,64.7
Lehigh,30,2094,69.8,370,353,1.05,12.3,628,20.93,71,2.4,0.503,393,13.1,752,1698,44.29,769,1778,43.251,501,16.7,3,385,516,17.2,74.61,1006,33.5,1084,36.1,-2,803,26.77,203,6.77,2082,69.4,0,187,6.2,205,584,35.1,620,200,32.3,6.8,0.0,353,11.77,353,11.8,16,14,53.3
Massachusetts,31,2163,69.8,423,443,0.95,13.6,850,27.42,119,3.8,0.464,348,11.23,775,1868,41.49,779,1794,43.423,541,17.5,9,431,602,19.4,71.59,1187,38.3,1071,34.5,3,783,25.26,404,13.03,2214,71.4,-1,211,6.8,182,555,32.79,731,242,33.1,5.9,-0.7,421,13.58,443,14.3,15,16,48.4
UMES,31,2162,69.7,417,454,0.92,13.5,757,24.42,59,1.9,0.491,365,11.77,776,1812,42.83,729,1674,43.548,515,16.6,5,381,530,17.1,71.89,988,31.9,1057,34.1,-2,683,22.03,305,9.84,2054,66.3,3,345,11.1,229,720,31.81,611,197,32.2,7.4,4.4,589,19.0,454,14.6,18,13,58.1
Georgia Tech,33,2301,69.7,463,349,1.33,14.0,556,16.85,134,4.1,0.488,359,10.88,855,2019,42.35,856,1943,44.056,524,15.9,4,332,477,14.5,69.6,1155,35.0,1211,36.7,-1,806,24.42,349,10.58,2335,70.8,-1,197,6.0,259,773,33.51,684,206,30.1,7.8,0.4,362,10.97,349,10.6,15,18,45.5
Maryland,35,2440,69.7,398,373,1.07,11.4,464,13.26,131,3.7,0.508,310,8.86,862,1925,44.78,814,1912,42.573,560,16.0,8,483,660,18.9,73.18,1175,33.6,1124,32.1,1,833,23.8,342,9.77,2222,63.5,6,191,5.5,233,710,32.82,610,197,32.3,6.7,1.3,417,11.91,373,10.7,22,13,62.9
Delaware,33,2298,69.6,389,374,1.04,11.8,373,11.3,131,4.0,0.498,243,7.36,816,1859,43.89,850,1888,45.021,540,16.4,11,448,616,18.7,72.73,1069,32.4,1175,35.6,-3,783,23.73,286,8.67,2333,70.7,-1,228,6.9,218,680,32.06,653,238,36.4,6.6,1.4,421,12.76,374,11.3,17,16,51.5
Alabama A&M,33,2297,69.6,419,498,0.84,12.7,831,25.18,133,4.0,0.501,310,9.39,823,1868,44.06,781,1842,42.4,624,18.9,8,425,649,19.7,65.49,1079,32.7,1179,35.7,-3,745,22.58,334,10.12,2340,70.9,-1,264,8.0,226,610,37.05,735,251,34.1,6.8,0.4,510,15.45,498,15.1,15,18,45.5
Notre Dame,32,2227,69.6,379,281,1.35,11.8,382,11.94,87,2.7,0.52,159,4.97,810,1830,44.26,854,1862,45.865,456,14.2,7,325,426,13.3,76.29,994,31.1,1146,35.8,-4,784,24.5,210,6.56,2307,72.1,-2,150,4.7,282,787,35.83,673,231,34.3,8.8,0.2,286,8.94,281,8.8,11,21,34.4
Temple,32,2227,69.6,441,434,1.02,13.8,767,23.97,128,4.0,0.497,235,7.34,754,1774,42.5,810,1881,43.062,538,16.8,11,464,613,19.2,75.69,1126,35.2,1108,34.6,0,815,25.47,311,9.72,2247,70.2,0,159,5.0,255,773,32.99,634,213,33.6,8.0,-2.3,360,11.25,434,13.6,16,16,50.0
Villanova,34,2366,69.6,377,343,1.1,11.1,400,11.76,58,1.7,0.515,198,5.82,807,1853,43.55,817,1871,43.666,538,15.8,13,456,556,16.4,82.01,1078,31.7,1122,33.0,-1,832,24.47,246,7.24,2301,67.7,1,194,5.7,296,885,33.45,780,264,33.8,8.7,1.2,384,11.29,343,10.1,17,17,50.0
Brown,27,1878,69.6,372,361,1.03,13.8,371,13.74,87,3.2,0.507,283,10.48,682,1557,43.8,689,1541,44.711,438,16.2,7,298,464,17.2,64.22,942,34.9,929,34.4,0,701,25.96,241,8.93,1872,69.3,0,194,7.2,216,622,34.73,571,200,35.0,8.0,0.5,374,13.85,361,13.4,14,13,51.9
Georgetown,32,2225,69.5,380,392,0.97,11.9,477,14.91,146,4.6,0.471,294,9.19,818,1934,42.3,918,2001,45.877,462,14.4,14,404,563,17.6,71.76,1151,36.0,1196,37.4,-1,806,25.19,345,10.78,2500,78.1,-8,197,6.2,185,599,30.88,791,308,38.9,5.8,-1.1,356,11.12,392,12.2,7,25,21.9
California Baptist,33,2291,69.4,471,379,1.24,14.3,898,27.21,103,3.1,0.5,268,8.12,811,1898,42.73,790,1863,42.405,569,17.2,3,393,592,17.9,66.39,1227,37.2,1118,33.9,3,865,26.21,362,10.97,2156,65.3,4,146,4.4,276,837,32.97,610,185,30.3,8.4,-0.6,358,10.85,379,11.5,17,16,51.5
Navy,31,2152,69.4,459,355,1.29,14.8,669,21.58,85,2.7,0.521,233,7.52,808,1781,45.37,733,1684,43.527,494,15.9,5,296,419,13.5,70.64,1068,34.5,1010,32.6,1,758,24.45,310,10.0,2013,64.9,4,215,6.9,240,647,37.09,651,222,34.1,7.7,1.5,402,12.97,355,11.5,18,13,58.1
VMI,32,2220,69.4,365,411,0.89,11.4,434,13.56,37,1.2,0.496,235,7.34,800,1923,41.6,879,1883,46.681,484,15.1,12,311,406,12.7,76.6,1131,35.3,1084,33.9,1,782,24.44,349,10.91,2457,76.8,-7,172,5.4,309,880,35.11,935,343,36.7,9.7,-2.2,339,10.59,411,12.8,7,25,21.9
Florida St.,32,2219,69.3,430,388,1.11,13.4,438,13.69,125,3.9,0.493,322,10.06,802,1840,43.59,854,1882,45.377,519,16.2,11,406,559,17.5,72.63,1006,31.4,1128,35.2,-3,728,22.75,278,8.69,2439,76.2,-6,197,6.2,209,633,33.02,773,291,37.6,6.5,-0.3,377,11.78,388,12.1,9,23,28.1
Radford,36,2496,69.3,426,426,1.0,11.8,784,21.78,103,2.9,0.518,325,9.03,931,2023,46.02,849,1889,44.944,606,16.8,10,399,579,16.1,68.91,1202,33.4,1128,31.3,2,832,23.11,370,10.28,2332,64.8,4,252,7.0,235,654,35.93,701,233,33.2,6.5,1.6,483,13.42,426,11.8,21,15,58.3
South Dakota,31,2149,69.3,385,360,1.07,12.4,573,18.48,48,1.5,0.51,175,5.65,755,1750,43.14,813,1800,45.167,540,17.4,10,364,476,15.4,76.47,1041,33.6,1060,34.2,0,774,24.97,267,8.61,2282,73.6,-4,138,4.5,275,706,38.95,718,256,35.7,8.9,-1.8,305,9.84,360,11.6,12,19,38.7
Robert Morris,33,2287,69.3,457,432,1.06,13.8,523,15.85,135,4.1,0.505,295,8.94,844,1904,44.33,793,1831,43.31,533,16.2,8,364,505,15.3,72.08,1145,34.7,1110,33.6,1,808,24.48,337,10.21,2205,66.8,2,220,6.7,235,703,33.43,591,209,35.4,7.1,0.1,435,13.18,432,13.1,16,17,48.5
UTSA,32,2217,69.3,334,439,0.76,10.4,769,24.03,81,2.5,0.475,290,9.06,749,1826,41.02,883,1961,45.028,563,17.6,13,484,659,20.6,73.44,1132,35.4,1181,36.9,-1,791,24.72,341,10.66,2450,76.6,-7,137,4.3,235,703,33.43,734,254,34.6,7.3,-2.7,354,11.06,439,13.7,10,22,31.2
Montana,31,2147,69.3,378,347,1.09,12.2,339,10.94,74,2.4,0.536,124,4.0,762,1650,46.18,733,1626,45.08,560,18.1,9,379,481,15.5,78.79,942,30.4,940,30.3,0,713,23.0,229,7.39,2114,68.2,1,146,4.7,244,656,37.2,575,185,32.2,7.9,-0.9,320,10.32,347,11.2,17,14,54.8
Texas Southern,35,2422,69.2,412,511,0.81,11.8,524,14.97,116,3.3,0.466,296,8.46,894,2095,42.67,868,2029,42.78,657,18.8,17,471,709,20.3,66.43,1313,37.5,1242,35.5,2,908,25.94,405,11.57,2518,71.9,-2,235,6.7,163,588,27.72,724,240,33.1,4.7,-0.9,481,13.74,511,14.6,14,21,40.0
Cal St. Fullerton,33,2283,69.2,340,391,0.87,10.3,474,14.36,85,2.6,0.5,277,8.39,779,1812,42.99,754,1812,41.611,590,17.9,16,472,681,20.6,69.31,1108,33.6,1153,34.9,-1,805,24.39,303,9.18,2148,65.1,4,214,6.5,253,686,36.88,705,220,31.2,7.7,2.3,466,14.12,391,11.8,20,13,60.6
McNeese,34,2352,69.2,385,499,0.77,11.3,567,16.68,61,1.8,0.496,293,8.62,858,1991,43.09,902,1920,46.979,655,19.3,15,378,571,16.8,66.2,1198,35.2,1169,34.4,0,776,22.82,422,12.41,2565,75.4,-6,246,7.2,258,793,32.53,747,290,38.8,7.6,-1.6,443,13.03,499,14.7,11,23,32.4
Wyoming,31,2144,69.2,345,371,0.93,11.1,518,16.71,79,2.5,0.52,130,4.19,740,1680,44.05,796,1733,45.932,488,15.7,14,396,557,18.0,71.1,994,32.1,1024,33.0,0,748,24.13,246,7.94,2234,72.1,-2,151,4.9,268,768,34.9,684,248,36.3,8.6,-0.8,346,11.16,371,12.0,9,22,29.0
Idaho St.,32,2213,69.2,392,370,1.06,12.2,646,20.19,90,2.8,0.513,202,6.31,794,1785,44.48,796,1764,45.125,564,17.6,15,380,517,16.2,73.5,1005,31.4,1079,33.7,-2,746,23.31,259,8.09,2272,71.0,-1,185,5.8,245,725,33.79,599,193,32.2,7.7,0.5,387,12.09,370,11.6,11,21,34.4
Washington,32,2213,69.2,368,448,0.82,11.5,478,14.94,165,5.2,0.488,335,10.47,786,1823,43.12,834,2005,41.596,529,16.5,14,432,577,18.0,74.87,1083,33.8,1218,38.1,-4,797,24.91,286,8.94,2248,70.3,-1,220,6.9,209,668,31.29,741,220,29.7,6.5,-1.1,413,12.91,448,14.0,16,16,50.0
ETSU,32,2211,69.1,390,420,0.93,12.2,618,19.31,99,3.1,0.509,357,11.16,821,1814,45.26,799,1834,43.566,491,15.3,6,366,546,17.1,67.03,1122,35.1,1066,33.3,1,779,24.34,343,10.72,2208,69.0,0,195,6.1,203,633,32.07,785,254,32.4,6.3,-1.0,389,12.16,420,13.1,12,20,37.5
Grambling,33,2276,69.0,405,475,0.85,12.3,612,18.55,136,4.1,0.503,283,8.58,811,1785,45.43,685,1801,38.034,624,18.9,16,480,745,22.6,64.43,1196,36.2,1129,34.2,2,832,25.21,364,11.03,2054,62.2,6,242,7.3,174,489,35.58,679,209,30.8,5.3,0.3,484,14.67,475,14.4,24,9,72.7
Valparaiso,32,2206,68.9,436,406,1.07,13.6,395,12.34,83,2.6,0.493,351,10.97,814,1852,43.95,843,1882,44.793,530,16.6,13,380,522,16.3,72.8,1087,34.0,1116,34.9,0,836,26.12,251,7.84,2355,73.6,-4,187,5.8,198,668,29.64,704,239,33.9,6.2,-1.6,355,11.09,406,12.7,11,21,34.4
UNCW,34,2343,68.9,365,408,0.89,10.7,844,24.82,95,2.8,0.501,300,8.82,813,1832,44.38,766,1783,42.961,624,18.4,14,508,697,20.5,72.88,1130,33.2,1107,32.6,0,806,23.71,324,9.53,2187,64.3,4,230,6.8,209,624,33.49,654,199,30.4,6.1,1.9,473,13.91,408,12.0,24,10,70.6
Richmond,33,2273,68.9,402,380,1.06,12.2,619,18.76,78,2.4,0.512,200,6.06,786,1791,43.89,813,1893,42.948,499,15.1,3,440,591,17.9,74.45,1067,32.3,1137,34.5,-2,841,25.48,226,6.85,2237,67.8,1,189,5.7,261,790,33.04,762,251,32.9,7.9,0.0,381,11.55,380,11.5,15,18,45.5
Eastern Ill.,31,2134,68.8,449,419,1.07,14.5,743,23.97,105,3.4,0.488,386,12.45,797,1800,44.28,786,1806,43.522,559,18.0,15,378,593,19.1,63.74,1052,33.9,1175,37.9,-3,764,24.65,288,9.29,2235,72.1,-3,260,8.4,162,493,32.86,770,259,33.6,5.2,1.2,457,14.74,419,13.5,9,22,29.0
East Carolina,33,2271,68.8,433,435,1.0,13.1,475,14.39,87,2.6,0.471,353,10.7,769,1896,40.56,830,1905,43.57,583,17.7,14,484,704,21.3,68.75,1223,37.1,1153,34.9,2,820,24.85,403,12.21,2327,70.5,-1,214,6.5,249,788,31.6,657,216,32.9,7.5,-1.3,392,11.88,435,13.2,16,17,48.5
Binghamton,31,2133,68.8,361,404,0.89,11.6,472,15.23,98,3.2,0.499,216,6.97,794,1763,45.04,781,1786,43.729,558,18.0,11,373,523,16.9,71.32,1086,35.0,1042,33.6,1,785,25.32,301,9.71,2217,71.5,-2,144,4.6,172,533,32.27,618,203,32.8,5.5,-2.3,334,10.77,404,13.0,13,18,41.9
George Mason,33,2268,68.7,452,453,1.0,13.7,502,15.21,103,3.1,0.519,201,6.09,800,1774,45.1,798,1872,42.628,568,17.2,14,428,657,19.9,65.14,1180,35.8,1071,32.5,3,878,26.61,302,9.15,2220,67.3,1,152,4.6,240,685,35.04,658,198,30.1,7.3,-2.2,380,11.52,453,13.7,20,13,60.6
Mercer,33,2268,68.7,422,385,1.1,12.8,847,25.67,71,2.2,0.503,215,6.52,851,1885,45.15,774,1798,43.048,592,17.9,11,370,536,16.2,69.03,1144,34.7,1065,32.3,2,802,24.3,342,10.36,2211,67.0,1,185,5.6,196,586,33.45,609,201,33.0,5.9,0.2,391,11.85,385,11.7,14,19,42.4
USC Upstate,32,2198,68.7,374,421,0.89,11.7,825,25.78,146,4.6,0.515,345,10.78,808,1773,45.57,750,1732,43.303,637,19.9,10,373,570,17.8,65.44,1014,31.7,1127,35.2,-3,746,23.31,268,8.38,2225,69.5,0,237,7.4,209,621,33.66,632,211,33.4,6.5,1.2,460,14.38,421,13.2,16,16,50.0
Utah,32,2197,68.7,462,385,1.2,14.4,605,18.91,129,4.0,0.49,237,7.41,791,1851,42.73,764,1924,39.709,487,15.2,9,383,541,16.9,70.79,1254,39.2,1120,35.0,4,897,28.03,357,11.16,2043,63.8,4,161,5.0,232,696,33.33,676,204,30.2,7.2,-1.9,325,10.16,385,12.0,17,15,53.1
Dayton,34,2334,68.6,518,411,1.26,15.2,436,12.82,149,4.4,0.53,259,7.62,833,1784,46.69,764,1942,39.341,470,13.8,10,443,634,18.6,69.87,1229,36.1,1057,31.1,5,908,26.71,321,9.44,2075,61.0,7,163,4.8,225,665,33.83,752,220,29.3,6.6,-1.7,352,10.35,411,12.1,22,12,64.7
Siena,32,2195,68.6,409,420,0.97,12.8,568,17.75,135,4.2,0.493,200,6.25,766,1769,43.3,793,1765,44.929,547,17.1,10,450,611,19.1,73.65,1098,34.3,1019,31.8,2,775,24.22,323,10.09,2151,67.2,1,182,5.7,213,611,34.86,495,166,33.5,6.7,-0.7,398,12.44,420,13.1,17,15,53.1
Georgia,32,2193,68.5,358,423,0.85,11.2,741,23.16,85,2.7,0.471,288,9.0,728,1774,41.04,841,1912,43.985,513,16.0,4,522,718,22.4,72.7,1145,35.8,1138,35.6,0,798,24.94,347,10.84,2289,71.5,-3,202,6.3,215,678,31.71,702,224,31.9,6.7,-1.7,368,11.5,423,13.2,16,16,50.0
Omaha,32,2192,68.5,380,400,0.95,11.9,740,23.12,92,2.9,0.492,249,7.78,797,1805,44.16,851,1859,45.777,584,18.2,14,415,535,16.7,77.57,1037,32.4,1120,35.0,-2,778,24.31,259,8.09,2438,76.2,-7,172,5.4,183,540,33.89,760,275,36.2,5.7,-1.6,349,10.91,400,12.5,9,23,28.1
UTEP,32,2192,68.5,385,505,0.76,12.0,671,20.97,85,2.7,0.493,353,11.03,796,1776,44.82,767,1718,44.645,576,18.0,13,442,699,21.8,63.23,1122,35.1,1050,32.8,2,749,23.41,373,11.66,2192,68.5,0,288,9.0,158,537,29.42,643,214,33.3,4.9,1.0,536,16.75,505,15.8,14,18,43.8
Maine,30,2054,68.5,415,371,1.12,13.8,498,16.6,62,2.1,0.516,294,9.8,784,1711,45.82,773,1671,46.26,446,14.9,4,288,396,13.2,72.73,924,30.8,1029,34.3,-3,692,23.07,232,7.73,2091,69.7,-1,284,9.5,198,595,33.28,612,210,34.3,6.6,1.6,418,13.93,371,12.4,13,17,43.3
Rutgers,34,2326,68.4,512,388,1.32,15.1,515,15.15,131,3.9,0.479,385,11.32,867,2012,43.09,742,1855,40.0,543,16.0,8,397,567,16.7,70.02,1251,36.8,1166,34.3,2,857,25.21,394,11.59,2079,61.1,7,297,8.7,195,608,32.07,796,245,30.8,5.7,3.1,492,14.47,388,11.4,19,15,55.9
Ga. Southern,33,2257,68.4,343,378,0.91,10.4,646,19.58,94,2.8,0.49,300,9.09,840,1926,43.61,779,1838,42.383,551,16.7,10,370,539,16.3,68.65,1165,35.3,1157,35.1,0,840,25.45,325,9.85,2201,66.7,1,232,7.0,207,659,31.41,689,223,32.4,6.3,1.5,429,13.0,378,11.5,17,16,51.5
Seton Hall,33,2256,68.4,401,454,0.88,12.2,677,20.52,143,4.3,0.492,310,9.39,784,1785,43.92,762,1835,41.526,586,17.8,10,498,726,22.0,68.6,1157,35.1,1121,34.0,1,808,24.48,349,10.58,2149,65.1,3,272,8.2,190,585,32.48,676,215,31.8,5.8,0.6,475,14.39,454,13.8,17,16,51.5
Harvard,28,1914,68.4,372,381,0.98,13.3,505,18.04,107,3.8,0.497,230,8.21,700,1593,43.94,680,1612,42.184,408,14.6,4,330,493,17.6,66.94,1015,36.2,902,32.2,4,716,25.57,299,10.68,1858,66.4,2,211,7.5,184,596,30.87,625,201,32.2,6.6,-0.9,357,12.75,381,13.6,14,14,50.0
Washington St.,34,2324,68.4,403,408,0.99,11.9,385,11.32,93,2.7,0.504,239,7.03,813,1919,42.37,836,1875,44.587,544,16.0,6,388,542,15.9,71.59,1183,34.8,1089,32.0,2,814,23.94,369,10.85,2235,65.7,2,166,4.9,310,832,37.26,603,194,32.2,9.1,-1.2,366,10.76,408,12.0,17,17,50.0
Oklahoma St.,36,2458,68.3,452,507,0.89,12.6,608,16.89,174,4.8,0.488,293,8.14,875,2046,42.77,820,2076,39.499,611,17.0,7,461,664,18.4,69.43,1345,37.4,1213,33.7,3,935,25.97,410,11.39,2370,65.8,2,204,5.7,247,797,30.99,808,255,31.6,6.9,-1.2,464,12.89,507,14.1,20,16,55.6
Hampton,32,2183,68.2,352,354,0.99,11.0,402,12.56,101,3.2,0.451,202,6.31,759,1934,39.25,878,1889,46.48,587,18.3,16,437,636,19.9,68.71,1098,34.3,1243,38.8,-4,763,23.84,335,10.47,2481,77.5,-9,138,4.3,228,709,32.16,701,262,37.4,7.1,0.1,357,11.16,354,11.1,8,24,25.0
Nebraska,32,2175,68.0,418,406,1.03,13.1,500,15.62,79,2.5,0.517,209,6.53,819,1790,45.75,826,1943,42.512,452,14.1,3,323,504,15.8,64.09,1105,34.5,1137,35.5,-1,841,26.28,264,8.25,2236,69.9,-1,177,5.5,214,657,32.57,848,289,34.1,6.7,-0.6,386,12.06,406,12.7,16,16,50.0
Bethune-Cookman,32,2172,67.9,362,413,0.88,11.3,532,16.62,90,2.8,0.473,365,11.41,772,1863,41.44,845,1862,45.381,555,17.3,12,409,586,18.3,69.8,1037,32.4,1209,37.8,-5,716,22.38,321,10.03,2401,75.0,-7,231,7.2,219,606,36.14,686,242,35.3,6.8,0.8,437,13.66,413,12.9,12,20,37.5
Lamar University,31,2104,67.9,409,441,0.93,13.2,544,17.55,105,3.4,0.481,332,10.71,761,1767,43.07,827,1852,44.654,488,15.7,10,404,574,18.5,70.38,1119,36.1,1110,35.8,0,755,24.35,364,11.74,2311,74.5,-6,199,6.4,178,556,32.01,819,279,34.1,5.7,-1.9,382,12.32,441,14.2,9,22,29.0
Columbia,29,1966,67.8,340,401,0.85,11.7,681,23.48,58,2.0,0.468,293,10.1,696,1728,40.28,819,1792,45.703,485,16.7,7,348,487,16.8,71.46,998,34.4,1145,39.5,-5,702,24.21,296,10.21,2197,75.8,-7,196,6.8,226,714,31.65,634,210,33.1,7.8,-0.8,379,13.07,401,13.8,7,22,24.1
Virginia,33,2237,67.8,519,282,1.84,15.7,515,15.61,142,4.3,0.512,224,6.79,793,1765,44.93,712,1717,41.468,471,14.3,4,431,613,18.6,70.31,1064,32.2,1055,32.0,0,791,23.97,273,8.27,1996,60.5,7,225,6.8,220,629,34.98,687,234,34.1,6.7,3.7,403,12.21,282,8.5,25,8,75.8
Northern Ky.,35,2372,67.8,468,395,1.18,13.4,548,15.66,89,2.5,0.497,370,10.57,851,1997,42.61,793,1808,43.861,535,15.3,11,387,556,15.9,69.6,1136,32.5,1180,33.7,-1,742,21.2,394,11.26,2224,63.5,4,329,9.4,283,827,34.22,704,255,36.2,8.1,4.4,549,15.69,395,11.3,22,13,62.9
Prairie View,32,2168,67.8,352,438,0.8,11.0,698,21.81,112,3.5,0.454,258,8.06,773,1914,40.39,742,1723,43.064,610,19.1,16,431,629,19.7,68.52,1123,35.1,1079,33.7,1,745,23.28,378,11.81,2196,68.6,0,242,7.6,191,631,30.27,579,197,34.0,6.0,1.8,494,15.44,438,13.7,13,19,40.6
Northwestern,34,2303,67.7,434,327,1.33,12.8,514,15.12,133,3.9,0.473,277,8.15,801,1968,40.7,745,1801,41.366,549,16.1,6,442,584,17.2,75.68,1174,34.5,1193,35.1,0,824,24.24,350,10.29,2134,62.8,4,267,7.9,259,807,32.09,755,255,33.8,7.6,4.3,473,13.91,327,9.6,22,12,64.7
Alcorn,32,2165,67.7,316,404,0.78,9.9,757,23.66,80,2.5,0.452,333,10.41,763,1868,40.85,778,1741,44.687,605,18.9,11,475,659,20.6,72.08,1087,34.0,1077,33.7,0,703,21.97,384,12.0,2259,70.6,-2,257,8.0,164,554,29.6,707,233,33.0,5.1,1.8,463,14.47,404,12.6,18,14,56.2
Oklahoma,32,2165,67.7,417,428,0.97,13.0,532,16.62,97,3.0,0.524,295,9.22,782,1707,45.81,797,1845,43.198,518,16.2,10,377,513,16.0,73.49,1049,32.8,1050,32.8,0,817,25.53,232,7.25,2161,67.5,0,183,5.7,224,638,35.11,567,177,31.2,7.0,-3.0,332,10.38,428,13.4,15,17,46.9
Jackson St.,33,2232,67.6,406,514,0.79,12.3,535,16.21,82,2.5,0.473,276,8.36,800,1911,41.86,853,1881,45.348,571,17.3,18,425,630,19.1,67.46,1137,34.5,1086,32.9,1,753,22.82,384,11.64,2429,73.6,-5,248,7.5,207,650,31.85,741,259,35.0,6.3,-2.0,448,13.58,514,15.6,14,19,42.4
Iowa St.,33,2231,67.6,457,427,1.07,13.8,526,15.94,96,2.9,0.499,185,5.61,834,1882,44.31,671,1598,41.99,633,19.2,11,352,525,15.9,67.05,1111,33.7,1005,30.5,3,731,22.15,380,11.52,2067,62.6,4,290,8.8,211,637,33.12,747,252,33.7,6.4,3.6,546,16.55,427,12.9,19,14,57.6
LSU,33,2231,67.6,406,405,1.0,12.3,597,18.09,88,2.7,0.473,244,7.39,768,1875,40.96,831,1859,44.701,560,17.0,6,456,632,19.2,72.15,1156,35.0,1125,34.1,0,780,23.64,376,11.39,2334,70.7,-3,223,6.8,239,730,32.74,773,265,34.3,7.2,-0.6,384,11.64,405,12.3,14,19,42.4
Bucknell,32,2161,67.5,429,427,1.0,13.4,563,17.59,121,3.8,0.523,155,4.84,797,1749,45.57,815,1846,44.15,498,15.6,3,332,463,14.5,71.71,1084,33.9,1020,31.9,2,824,25.75,260,8.12,2192,68.5,0,176,5.5,235,660,35.61,666,237,35.6,7.3,-3.0,332,10.38,427,13.3,12,20,37.5
San Jose St.,35,2362,67.5,428,416,1.03,12.2,692,19.77,145,4.1,0.502,195,5.57,869,1996,43.54,826,1970,41.929,545,15.6,6,359,529,15.1,67.86,1335,38.1,1067,30.5,7,912,26.06,423,12.09,2318,66.2,1,142,4.1,265,814,32.56,700,240,34.3,7.6,-3.6,291,8.31,416,11.9,21,14,60.0
Ole Miss,33,2227,67.5,432,402,1.07,13.1,710,21.52,123,3.7,0.475,353,10.7,816,1933,42.21,819,1873,43.727,525,15.9,8,392,564,17.1,69.5,1180,35.8,1127,34.2,1,784,23.76,396,12.0,2279,69.1,-1,235,7.1,203,671,30.25,645,218,33.8,6.2,-0.1,398,12.06,402,12.2,12,21,36.4
The Citadel,32,2158,67.4,365,393,0.93,11.4,494,15.44,85,2.7,0.496,259,8.09,771,1786,43.17,831,1861,44.653,539,16.8,15,388,514,16.1,75.49,1015,31.7,1186,37.1,-5,781,24.41,234,7.31,2374,74.2,-6,176,5.5,228,702,32.48,777,260,33.5,7.1,-1.0,361,11.28,393,12.3,10,22,31.2
ULM,32,2157,67.4,403,405,1.0,12.6,503,15.72,114,3.6,0.473,255,7.97,759,1860,40.81,804,1838,43.743,484,15.1,10,397,557,17.4,71.27,1124,35.1,1134,35.4,0,779,24.34,345,10.78,2235,69.8,-2,220,6.9,242,690,35.07,722,250,34.6,7.6,0.0,405,12.66,405,12.7,11,21,34.4
Loyola Chicago,31,2089,67.4,428,464,0.92,13.8,548,17.68,94,3.0,0.529,230,7.42,757,1638,46.21,769,1705,45.103,601,19.4,21,355,509,16.4,69.74,960,31.0,1007,32.5,-1,727,23.45,233,7.52,2247,72.5,-5,175,5.6,220,658,33.43,649,223,34.4,7.1,-2.8,376,12.13,464,15.0,10,21,32.3
Loyola Maryland,33,2222,67.3,459,446,1.03,13.9,580,17.58,78,2.4,0.52,245,7.42,822,1821,45.14,862,1804,47.783,517,15.7,3,328,509,15.4,64.44,1035,31.4,1082,32.8,-1,734,22.24,301,9.12,2331,70.6,-3,247,7.5,250,701,35.66,658,239,36.3,7.6,0.2,452,13.7,446,13.5,13,20,39.4
UAlbany,31,2086,67.3,363,414,0.88,11.7,631,20.35,51,1.6,0.481,201,6.48,726,1755,41.37,836,1704,49.061,576,18.6,11,397,550,17.7,72.18,1033,33.3,1040,33.5,0,716,23.1,317,10.23,2332,75.2,-7,178,5.7,237,725,32.69,571,201,35.2,7.6,-1.6,364,11.74,414,13.4,8,23,25.8
Weber St.,33,2219,67.2,351,422,0.83,10.6,582,17.64,47,1.4,0.514,295,8.94,779,1727,45.11,789,1762,44.779,580,17.6,15,443,578,17.5,76.64,1032,31.3,1045,31.7,0,814,24.67,218,6.61,2229,67.5,0,200,6.1,218,647,33.69,730,271,37.1,6.6,0.2,429,13.0,422,12.8,18,15,54.5
William & Mary,33,2219,67.2,401,398,1.01,12.2,667,20.21,67,2.0,0.502,223,6.76,791,1829,43.25,864,1861,46.427,533,16.2,7,381,559,16.9,68.16,1095,33.2,1111,33.7,0,765,23.18,330,10.0,2320,70.3,-3,199,6.0,256,698,36.68,680,237,34.9,7.8,-0.8,373,11.3,398,12.1,13,20,39.4
UIC,32,2149,67.2,421,410,1.03,13.2,423,13.22,150,4.7,0.487,287,8.97,747,1794,41.64,823,1841,44.704,560,17.5,12,400,611,19.1,65.47,1037,32.4,1224,38.2,-5,768,24.0,269,8.41,2292,71.6,-4,206,6.4,255,774,32.95,633,215,34.0,8.0,1.0,443,13.84,410,12.8,12,20,37.5
Manhattan,30,2014,67.1,370,406,0.91,12.3,494,16.47,105,3.5,0.497,200,6.67,733,1682,43.58,759,1723,44.051,492,16.4,11,343,520,17.3,65.96,952,31.7,1085,36.2,-4,678,22.6,274,9.13,2110,70.4,-3,227,7.6,205,616,33.28,628,228,36.3,6.8,0.7,426,14.2,406,13.5,12,18,40.0
Boston U.,32,2147,67.1,335,384,0.87,10.5,726,22.69,79,2.5,0.477,260,8.12,761,1845,41.25,749,1725,43.42,561,17.5,6,387,524,16.4,73.85,1136,35.5,1077,33.7,1,808,25.25,328,10.25,2151,67.2,0,205,6.4,238,722,32.96,676,227,33.6,7.4,0.4,397,12.41,384,12.0,15,17,46.9
Charlotte,36,2410,66.9,470,382,1.23,13.1,787,21.86,90,2.5,0.551,135,3.75,885,1871,47.3,836,1912,43.724,489,13.6,3,349,465,12.9,75.05,1066,29.6,1074,29.8,0,835,23.19,231,6.42,2253,62.6,4,199,5.5,291,772,37.69,726,246,33.9,8.1,0.6,402,11.17,382,10.6,22,14,61.1
Air Force,32,2142,66.9,491,391,1.26,15.3,622,19.44,127,4.0,0.542,149,4.66,756,1636,46.21,764,1718,44.47,544,17.0,6,369,511,16.0,72.21,946,29.6,1036,32.4,-2,733,22.91,213,6.66,2146,67.1,0,184,5.8,261,733,35.61,566,166,29.3,8.2,-1.2,352,11.0,391,12.2,14,18,43.8
NJIT,30,2008,66.9,336,334,1.01,11.2,617,20.57,85,2.8,0.486,230,7.67,744,1734,42.91,808,1789,45.165,471,15.7,9,324,488,16.3,66.39,1022,34.1,1118,37.3,-3,761,25.37,261,8.7,2182,72.7,-5,160,5.3,196,562,34.88,691,232,33.6,6.5,-1.0,303,10.1,334,11.1,7,23,23.3
Hawaii,33,2208,66.9,367,401,0.92,11.1,387,11.73,125,3.8,0.49,252,7.64,772,1799,42.91,760,1877,40.49,528,16.0,10,444,594,18.0,74.75,1165,35.3,1064,32.2,3,845,25.61,320,9.7,2039,61.8,5,151,4.6,220,667,32.98,493,145,29.4,6.7,-1.4,355,10.76,401,12.2,22,11,66.7
Ark.-Pine Bluff,31,2074,66.9,396,473,0.84,12.8,693,22.35,86,2.8,0.46,316,10.19,701,1791,39.14,738,1689,43.694,611,19.7,26,427,587,18.9,72.74,1071,34.5,1127,36.4,-1,757,24.42,314,10.13,2162,69.7,-2,250,8.1,245,776,31.57,603,197,32.7,7.9,0.8,497,16.03,473,15.3,10,21,32.3
Old Dominion,31,2073,66.9,328,348,0.94,10.6,622,20.06,117,3.8,0.464,328,10.58,735,1760,41.76,714,1730,41.272,519,16.7,9,439,646,20.8,67.96,1175,37.9,1089,35.1,2,800,25.81,375,12.1,2052,66.2,0,197,6.4,164,523,31.36,731,229,31.3,5.3,0.2,355,11.45,348,11.2,19,12,61.3
Holy Cross,32,2136,66.8,398,387,1.03,12.4,334,10.44,89,2.8,0.495,216,6.75,812,1862,43.61,876,1926,45.483,514,16.1,14,293,471,14.7,62.21,1040,32.5,1234,38.6,-6,785,24.53,255,7.97,2324,72.6,-5,203,6.3,219,599,36.56,672,219,32.6,6.8,0.2,393,12.28,387,12.1,10,22,31.2
St. Bonaventure,32,2136,66.8,380,405,0.94,11.9,367,11.47,108,3.4,0.492,264,8.25,769,1794,42.87,735,1713,42.907,596,18.6,22,372,529,16.5,70.32,1048,32.8,1104,34.5,-1,747,23.34,301,9.41,2165,67.7,0,224,7.0,226,650,34.77,675,194,28.7,7.1,0.4,418,13.06,405,12.7,14,18,43.8
LIU,29,1935,66.7,420,475,0.88,14.5,582,20.07,99,3.4,0.47,324,11.17,720,1683,42.78,854,1795,47.577,511,17.6,17,353,535,18.4,65.98,1005,34.7,1086,37.4,-2,730,25.17,275,9.48,2319,80.0,-13,192,6.6,142,420,33.81,631,228,36.1,4.9,-3.6,371,12.79,475,16.4,3,26,10.3
Drexel,32,2135,66.7,374,373,1.0,11.7,559,17.47,103,3.2,0.495,209,6.53,773,1794,43.09,762,1793,42.499,464,14.5,2,360,527,16.5,68.31,1120,35.0,1051,32.8,2,790,24.69,330,10.31,1997,62.4,4,180,5.6,229,725,31.59,510,170,33.3,7.2,0.3,384,12.0,373,11.7,17,15,53.1
Georgia St.,31,2068,66.7,342,400,0.86,11.0,515,16.61,111,3.6,0.462,241,7.77,745,1789,41.64,755,1734,43.541,528,17.0,8,414,581,18.7,71.26,1070,34.5,1021,32.9,1,727,23.45,343,11.06,2150,69.4,-2,179,5.8,164,556,29.5,596,215,36.1,5.3,-0.9,372,12.0,400,12.9,10,21,32.3
Austin Peay,31,2067,66.7,387,364,1.06,12.5,665,21.45,94,3.0,0.477,251,8.1,743,1790,41.51,796,1664,47.837,525,16.9,7,359,495,16.0,72.53,972,31.4,1092,35.2,-3,660,21.29,312,10.06,2241,72.3,-5,220,7.1,222,690,32.17,593,202,34.1,7.2,1.8,421,13.58,364,11.7,9,22,29.0
Boston College,33,2197,66.6,413,405,1.02,12.5,643,19.48,118,3.6,0.487,225,6.82,819,1873,43.73,833,1882,44.261,521,15.8,12,371,512,15.5,72.46,1093,33.1,1122,34.0,0,785,23.79,308,9.33,2317,70.2,-3,210,6.4,188,590,31.86,744,274,36.8,5.7,0.0,406,12.3,405,12.3,16,17,48.5
Illinois St.,32,2127,66.5,345,466,0.74,10.8,547,17.09,105,3.3,0.502,235,7.34,737,1699,43.38,805,1770,45.48,590,18.4,8,421,531,16.6,79.28,1045,32.7,992,31.0,1,765,23.91,280,8.75,2255,70.5,-4,183,5.7,232,690,33.62,667,225,33.7,7.2,-3.4,357,11.16,466,14.6,11,21,34.4
UT Arlington,32,2125,66.4,432,443,0.98,13.5,741,23.16,96,3.0,0.47,307,9.59,772,1863,41.44,751,1718,43.714,619,19.3,11,374,570,17.8,65.61,1148,35.9,1079,33.7,2,741,23.16,407,12.72,2190,68.4,-2,204,6.4,207,643,32.19,653,238,36.4,6.5,0.4,456,14.25,443,13.8,11,21,34.4
New Hampshire,30,1992,66.4,350,297,1.18,11.7,462,15.4,76,2.5,0.469,190,6.33,696,1749,39.79,741,1701,43.563,452,15.1,6,352,508,16.9,69.29,1071,35.7,1105,36.8,-1,764,25.47,307,10.23,2011,67.0,0,161,5.4,248,725,34.21,566,176,31.1,8.3,1.1,329,10.97,297,9.9,15,15,50.0
Sacramento St.,32,2114,66.1,436,427,1.02,13.6,632,19.75,85,2.7,0.506,167,5.22,778,1751,44.43,822,1801,45.641,497,15.5,8,341,489,15.3,69.73,1141,35.7,950,29.7,5,793,24.78,348,10.88,2169,67.8,-1,143,4.5,217,629,34.5,549,193,35.2,6.8,-3.9,302,9.44,427,13.3,14,18,43.8
Rhode Island,31,2046,66.0,347,437,0.79,11.2,490,15.81,119,3.8,0.442,382,12.32,696,1765,39.43,793,1822,43.524,557,18.0,8,486,653,21.1,74.43,1148,37.0,1115,36.0,1,785,25.32,363,11.71,2190,70.6,-4,199,6.4,168,553,30.38,633,203,32.1,5.4,-2.2,370,11.94,437,14.1,9,22,29.0
Texas St.,35,2309,66.0,346,411,0.84,9.9,685,19.57,124,3.5,0.482,269,7.69,848,1918,44.21,800,1799,44.469,630,18.0,15,459,630,18.0,72.86,1143,32.7,1078,30.8,1,784,22.4,359,10.26,2334,66.7,0,220,6.3,154,501,30.74,598,216,36.1,4.4,0.5,427,12.2,411,11.7,16,19,45.7
Central Conn. St.,32,2111,66.0,413,380,1.09,12.9,617,19.28,122,3.8,0.481,217,6.78,791,1874,42.21,821,1836,44.717,451,14.1,3,310,437,13.7,70.94,1092,34.1,1116,34.9,0,768,24.0,324,10.12,2245,70.2,-4,179,5.6,219,669,32.74,683,242,35.4,6.8,-0.9,350,10.94,380,11.9,10,22,31.2
Central Mich.,31,2038,65.7,333,494,0.67,10.7,575,18.55,118,3.8,0.472,292,9.42,702,1688,41.59,769,1757,43.768,614,19.8,20,443,642,20.7,69.0,1096,35.4,1106,35.7,0,753,24.29,343,11.06,2263,73.0,-7,181,5.8,191,637,29.98,735,255,34.7,6.2,-2.5,415,13.39,494,15.9,10,21,32.3
Arkansas St.,33,2169,65.7,433,385,1.12,13.1,570,17.27,108,3.3,0.49,236,7.15,777,1799,43.19,778,1776,43.806,553,16.8,10,406,600,18.2,67.67,1108,33.6,1093,33.1,0,783,23.73,325,9.85,2232,67.6,-1,220,6.7,209,593,35.24,596,219,36.7,6.3,-0.1,382,11.58,385,11.7,13,20,39.4
Mississippi St.,34,2234,65.7,482,434,1.11,14.2,608,17.88,117,3.4,0.467,298,8.76,816,1936,42.15,728,1849,39.373,517,15.2,6,424,655,19.3,64.73,1288,37.9,1138,33.5,4,848,24.94,440,12.94,2073,61.0,4,293,8.6,178,669,26.61,809,252,31.1,5.2,1.5,486,14.29,434,12.8,21,13,61.8
Southern Ill.,33,2168,65.7,459,414,1.11,13.9,606,18.36,70,2.1,0.524,326,9.88,769,1716,44.81,743,1769,42.001,539,16.3,6,371,513,15.5,72.32,1040,31.5,1067,32.3,0,812,24.61,228,6.91,2026,61.4,4,238,7.2,259,795,32.58,609,201,33.0,7.8,0.4,428,12.97,414,12.5,23,10,69.7
Missouri St.,32,2098,65.6,374,393,0.95,11.7,709,22.16,140,4.4,0.506,268,8.38,772,1776,43.47,722,1701,42.446,497,15.5,8,300,479,15.0,62.63,1124,35.1,997,31.2,3,761,23.78,363,11.34,2021,63.2,2,199,6.2,254,767,33.12,660,214,32.4,7.9,-0.4,380,11.88,393,12.3,17,15,53.1
Elon,32,2094,65.4,389,395,0.98,12.2,471,14.72,69,2.2,0.486,286,8.94,762,1791,42.55,815,1869,43.606,515,16.1,6,352,497,15.5,70.82,1079,33.7,1152,36.0,-2,798,24.94,281,8.78,2291,71.6,-6,196,6.1,218,722,30.19,843,291,34.5,6.8,-0.8,368,11.5,395,12.3,8,24,25.0
American,32,2093,65.4,436,448,0.97,13.6,612,19.12,126,3.9,0.544,161,5.03,785,1630,48.16,754,1665,45.285,482,15.1,3,319,455,14.2,70.11,970,30.3,931,29.1,1,711,22.22,259,8.09,2110,65.9,0,238,7.4,204,589,34.63,561,216,38.5,6.4,-1.8,390,12.19,448,14.0,17,15,53.1
Northeastern,30,1959,65.3,377,432,0.87,12.6,711,23.7,123,4.1,0.48,169,5.63,712,1704,41.78,787,1750,44.971,500,16.7,8,324,473,15.8,68.5,1081,36.0,988,32.9,3,750,25.0,331,11.03,2150,71.7,-6,149,5.0,211,635,33.23,516,180,34.9,7.0,-4.6,293,9.77,432,14.4,10,20,33.3
Tulsa,30,1959,65.3,348,397,0.88,11.6,478,15.93,45,1.5,0.479,238,7.93,715,1733,41.26,864,1822,47.42,464,15.5,5,299,463,15.4,64.58,958,31.9,1160,38.7,-6,687,22.9,271,9.03,2323,77.4,-12,164,5.5,230,735,31.29,722,226,31.3,7.7,-1.4,355,11.83,397,13.2,5,25,16.7
IUPUI,32,2089,65.3,358,506,0.71,11.2,608,19.0,81,2.5,0.5,251,7.84,786,1718,45.75,860,1833,46.918,570,17.8,7,371,537,16.8,69.09,1011,31.6,1055,33.0,-1,714,22.31,297,9.28,2456,76.8,-11,185,5.8,146,492,29.67,714,256,35.9,4.6,-4.2,372,11.62,506,15.8,5,27,15.6
Wisconsin,35,2284,65.3,406,302,1.34,11.6,421,12.03,52,1.5,0.483,137,3.91,831,2005,41.45,831,1871,44.415,554,15.8,5,346,501,14.3,69.06,1110,31.7,1228,35.1,-3,832,23.77,278,7.94,2225,63.6,1,207,5.9,276,807,34.2,686,217,31.6,7.9,3.2,413,11.8,302,8.6,20,15,57.1
Butler,32,2088,65.2,403,378,1.07,12.6,394,12.31,138,4.3,0.495,306,9.56,771,1767,43.63,838,1874,44.717,429,13.4,5,339,459,14.3,73.86,958,29.9,1161,36.3,-6,751,23.47,207,6.47,2174,67.9,-2,216,6.8,207,633,32.7,623,200,32.1,6.5,0.7,400,12.5,378,11.8,14,18,43.8
Niagara,31,2016,65.0,339,365,0.93,10.9,461,14.87,71,2.3,0.508,213,6.87,736,1642,44.82,731,1664,43.93,499,16.1,7,348,481,15.5,72.35,944,30.5,949,30.6,0,694,22.39,250,8.06,2044,65.9,0,165,5.3,196,570,34.39,509,182,35.8,6.3,-0.9,336,10.84,365,11.8,16,15,51.6
Fairfield,31,2012,64.9,296,367,0.81,9.5,611,19.71,114,3.7,0.463,224,7.23,690,1681,41.05,769,1748,43.993,472,15.2,10,454,627,20.2,72.41,1045,33.7,1060,34.2,0,740,23.87,305,9.84,2045,66.0,-1,170,5.5,178,621,28.66,553,161,29.1,5.7,-0.1,363,11.71,367,11.8,13,18,41.9
St. Francis Brooklyn,30,1946,64.9,369,414,0.89,12.3,698,23.27,144,4.8,0.464,314,10.47,688,1701,40.45,749,1677,44.663,460,15.3,10,366,524,17.5,69.85,1016,33.9,1053,35.1,-1,674,22.47,342,11.4,2034,67.8,-2,223,7.4,204,577,35.36,454,177,39.0,6.8,-0.2,409,13.63,414,13.8,14,16,46.7
Delaware St.,30,1939,64.6,372,481,0.77,12.4,772,25.73,79,2.6,0.463,263,8.77,714,1725,41.39,772,1660,46.506,551,18.4,15,340,494,16.5,68.83,1047,34.9,1038,34.6,0,711,23.7,336,11.2,2265,75.5,-10,209,7.0,171,542,31.55,702,283,40.3,5.7,-1.9,425,14.17,481,16.0,6,24,20.0
North Texas,38,2452,64.5,428,451,0.95,11.3,536,14.11,112,2.9,0.509,207,5.45,854,1957,43.64,712,1822,39.078,619,16.3,13,460,609,16.0,75.53,1289,33.9,1122,29.5,4,882,23.21,407,10.71,2121,55.8,8,246,6.5,284,809,35.11,643,194,30.2,7.5,0.4,465,12.24,451,11.9,31,7,81.6
Kansas City,32,2060,64.4,300,432,0.69,9.4,446,13.94,117,3.7,0.443,197,6.16,723,1844,39.21,734,1730,42.428,585,18.3,21,426,598,18.7,71.24,1183,37.0,1065,33.3,3,753,23.53,430,13.44,2199,68.7,-4,192,6.0,188,665,28.27,697,239,34.3,5.9,-1.6,380,11.88,432,13.5,11,21,34.4
South Carolina,32,2059,64.3,355,421,0.84,11.1,337,10.53,84,2.6,0.469,195,6.09,744,1846,40.3,864,1858,46.502,512,16.0,14,327,495,15.5,66.06,1091,34.1,1122,35.1,0,713,22.28,378,11.81,2324,72.6,-8,157,4.9,244,755,32.32,674,228,33.8,7.6,-2.7,336,10.5,421,13.2,11,21,34.4
Marist,33,2110,63.9,357,392,0.91,10.8,579,17.55,124,3.8,0.479,105,3.18,745,1819,40.96,782,1893,41.31,509,15.4,4,367,526,15.9,69.77,1131,34.3,1184,35.9,-1,837,25.36,294,8.91,2199,66.7,-2,195,5.9,253,771,32.81,711,249,35.0,7.7,-0.8,365,11.06,392,11.9,13,20,39.4
Louisville,32,2046,63.9,299,478,0.63,9.3,467,14.59,90,2.8,0.48,157,4.91,716,1700,42.12,877,1862,47.1,527,16.5,8,414,559,17.5,74.06,1031,32.2,1064,33.2,-1,737,23.03,294,9.19,2425,75.8,-11,145,4.5,200,608,32.89,739,260,35.2,6.2,-4.8,325,10.16,478,14.9,4,28,12.5
Fresno St.,31,1974,63.7,382,359,1.06,12.3,442,14.26,103,3.3,0.493,234,7.55,720,1673,43.04,711,1607,44.244,499,16.1,7,324,420,13.5,77.14,938,30.3,1012,32.6,-2,690,22.26,248,8.0,2036,65.7,-2,196,6.3,210,681,30.84,603,227,37.6,6.8,1.4,401,12.94,359,11.6,11,20,35.5
Mount St. Mary's,33,2101,63.7,410,450,0.91,12.4,406,12.3,82,2.5,0.485,159,4.82,771,1818,42.41,797,1880,42.394,540,16.4,13,339,463,14.0,73.22,1110,33.6,1136,34.4,0,802,24.3,308,9.33,2212,67.0,-3,182,5.5,220,622,35.37,678,226,33.3,6.7,-1.8,392,11.88,450,13.6,13,20,39.4
CSUN,32,2028,63.4,314,400,0.78,9.8,540,16.88,99,3.1,0.454,248,7.75,695,1735,40.06,737,1729,42.626,605,18.9,8,454,612,19.1,74.18,1066,33.3,1126,35.2,-1,753,23.53,313,9.78,2194,68.6,-5,201,6.3,184,575,32.0,656,221,33.7,5.8,-0.5,383,11.97,400,12.5,7,25,21.9
Jacksonville,29,1837,63.3,376,333,1.13,13.0,464,16.0,69,2.4,0.517,180,6.21,686,1519,45.16,642,1576,40.736,409,14.1,8,265,353,12.2,75.07,968,33.4,901,31.1,2,748,25.79,220,7.59,1816,62.6,0,148,5.1,200,588,34.01,765,241,31.5,6.9,-1.9,277,9.55,333,11.5,13,16,44.8
Alabama St.,31,1963,63.3,309,414,0.75,10.0,612,19.74,110,3.5,0.426,311,10.03,683,1821,37.51,801,1839,43.556,557,18.0,8,412,584,18.8,70.55,1117,36.0,1184,38.2,-2,730,23.55,387,12.48,2252,72.6,-9,182,5.9,185,605,30.58,635,216,34.0,6.0,-1.1,379,12.23,414,13.4,8,23,25.8
Presbyterian,32,2021,63.2,344,430,0.8,10.8,657,20.53,98,3.1,0.476,261,8.16,718,1709,42.01,786,1686,46.619,617,19.3,20,394,630,19.7,62.54,1048,32.8,1052,32.9,0,712,22.25,336,10.5,2223,69.5,-6,176,5.5,191,616,31.01,592,222,37.5,6.0,-1.1,396,12.38,430,13.4,5,27,15.6
Stony Brook,33,2083,63.1,389,413,0.94,11.8,512,15.52,83,2.5,0.486,128,3.88,726,1756,41.34,824,1935,42.584,499,15.1,8,375,504,15.3,74.4,1119,33.9,1161,35.2,-1,867,26.27,252,7.64,2279,69.1,-5,144,4.4,256,794,32.24,846,289,34.2,7.8,-3.3,303,9.18,413,12.5,11,22,33.3
Wagner,28,1766,63.1,339,335,1.01,12.1,523,18.68,49,1.8,0.458,259,9.25,655,1627,40.26,568,1324,42.9,540,19.3,10,275,403,14.4,68.24,1005,35.9,865,30.9,5,645,23.04,360,12.86,1727,61.7,1,189,6.8,181,583,31.05,479,151,31.5,6.5,1.5,377,13.46,335,12.0,15,13,53.6
Minnesota,31,1949,62.9,454,401,1.13,14.6,485,15.65,124,4.0,0.49,125,4.03,720,1664,43.27,834,1856,44.935,482,15.5,8,317,512,16.5,61.91,1017,32.8,1122,36.2,-3,755,24.35,262,8.45,2202,71.0,-8,143,4.6,192,591,32.49,580,208,35.9,6.2,-3.2,302,9.74,401,12.9,9,22,29.0
Hartford,28,1757,62.8,364,403,0.9,13.0,397,14.18,105,3.8,0.494,123,4.39,659,1543,42.71,734,1596,45.99,395,14.1,6,233,362,12.9,64.36,886,31.6,972,34.7,-3,631,22.54,255,9.11,1991,71.1,-8,179,6.4,206,620,33.23,609,229,37.6,7.4,-2.2,341,12.18,403,14.4,5,23,17.9
Evansville,32,1997,62.4,328,392,0.84,10.2,541,16.91,62,1.9,0.451,337,10.53,729,1839,39.64,867,1809,47.927,520,16.2,10,340,540,16.9,62.96,1004,31.4,1222,38.2,-6,752,23.5,252,7.88,2432,76.0,-13,224,7.0,199,618,32.2,745,283,38.0,6.2,0.9,421,13.16,392,12.2,5,27,15.6
Lafayette,34,2120,62.4,528,396,1.33,15.5,497,14.62,101,3.0,0.487,169,4.97,767,1881,40.78,800,1826,43.812,523,15.4,3,288,460,13.5,62.61,1106,32.5,1194,35.1,-2,822,24.18,284,8.35,2232,65.6,-3,196,5.8,298,911,32.71,753,257,34.1,8.8,0.2,403,11.85,396,11.6,11,23,32.4
Saint Peter's,32,1986,62.1,336,393,0.85,10.5,792,24.75,102,3.2,0.443,256,8.0,716,1830,39.13,664,1551,42.811,681,21.3,14,364,528,16.5,68.94,1119,35.0,1037,32.4,2,686,21.44,433,13.53,2083,65.1,-3,200,6.2,190,648,29.32,557,189,33.9,5.9,0.3,402,12.56,393,12.3,14,18,43.8
Monmouth,33,2036,61.7,395,476,0.83,12.0,545,16.52,83,2.5,0.438,353,10.7,746,1856,40.19,828,1804,45.898,635,19.2,12,410,615,18.6,66.67,1088,33.0,1196,36.2,-3,723,21.91,365,11.06,2466,74.7,-13,278,8.4,134,466,28.76,829,307,37.0,4.1,-0.1,474,14.36,476,14.4,7,26,21.2
Oregon St.,32,1959,61.2,326,429,0.76,10.2,642,20.06,98,3.1,0.469,265,8.28,676,1647,41.04,745,1743,42.742,570,17.8,8,415,551,17.2,75.32,996,31.1,1075,33.6,-2,742,23.19,254,7.94,2144,67.0,-5,172,5.4,192,605,31.74,665,225,33.8,6.0,-1.6,377,11.78,429,13.4,11,21,34.4
Mississippi Val.,32,1953,61.0,321,518,0.62,10.0,520,16.25,65,2.0,0.454,299,9.34,683,1681,40.63,826,1788,46.197,573,17.9,12,425,639,20.0,66.51,1027,32.1,1129,35.3,-3,711,22.22,316,9.88,2392,74.8,-13,243,7.6,162,464,34.91,706,253,35.8,5.1,-2.8,430,13.44,518,16.2,5,27,15.6
Cal Poly,33,2006,60.8,341,457,0.75,10.3,627,19.0,82,2.5,0.465,260,7.88,715,1733,41.26,732,1689,43.339,653,19.8,20,395,531,16.1,74.39,1080,32.7,1069,32.4,0,799,24.21,281,8.52,2174,65.9,-5,181,5.5,181,615,29.43,610,208,34.1,5.5,-1.5,408,12.36,457,13.8,8,25,24.2
CSU Bakersfield,33,1995,60.5,355,424,0.84,10.8,462,14.0,100,3.0,0.454,159,4.82,732,1770,41.36,700,1639,42.709,621,18.8,16,389,512,15.5,75.98,1055,32.0,1067,32.3,0,744,22.55,311,9.42,2134,64.7,-4,205,6.2,142,437,32.49,695,238,34.2,4.3,0.6,445,13.48,424,12.8,11,22,33.3
Green Bay,32,1898,59.3,350,447,0.78,10.9,479,14.97,76,2.4,0.459,151,4.72,656,1665,39.4,893,1832,48.745,541,16.9,9,368,524,16.4,70.23,905,28.3,1169,36.5,-8,670,20.94,235,7.34,2447,76.5,-17,162,5.1,218,724,30.11,634,222,35.0,6.8,-3.3,342,10.69,447,14.0,3,29,9.4
Florida A&M,29,1700,58.6,280,464,0.6,9.7,616,21.24,105,3.6,0.442,224,7.72,595,1536,38.74,695,1572,44.211,551,19.0,5,343,496,17.1,69.15,953,32.9,1042,35.9,-3,658,22.69,295,10.17,2030,70.0,-11,191,6.6,167,533,31.33,541,180,33.3,5.8,-3.5,363,12.52,464,16.0,7,22,24.1
California,32,1866,58.3,308,417,0.74,9.6,506,15.81,100,3.1,0.437,164,5.12,662,1694,39.08,801,1772,45.203,548,17.1,11,386,534,16.7,72.28,1007,31.5,1137,35.5,-4,729,22.78,278,8.69,2243,70.1,-11,151,4.7,156,524,29.77,679,227,33.4,4.9,-2.7,332,10.38,417,13.0,3,29,9.4
